¤é,A
¤ê,A
©÷,AA
ÌÌ,AA
´¹,AAA
·{,AAPV
Ãn,AATE
©ú,AB
ÀÇ,ABBE
·ù,ABBT
é¼,ABJCM
·u,ABJJ
·w,ABJJ
·x,ABME
±å,ABMS
«_,ABU
ÌÐ,ACSH
´·,ADHL
ÝÂ,ADMQ
ÍR,AF
¼v,AFHHH
Åã,AFMBC
ÅV,AFMBC
®Ì,AFMU
®É,AGDI
¾å,AGGU
®Î,AHBR
¬Ü,AHBU
­ç,AHLN
©ý,AHML
¬P,AHQM
¬Q,AHS
ª@,AHT
©ù,AHVL
ÑÔ,AIHS
¬J,AIMVU
§Y,AISL
Ãm,AITC
¦­,AJ
¬N,AJD
´»,AJKA
·y,AJMM
®Ë,AJV
±ã,AKKB
¬M,ALBK
®Ð,ALMO
¥¹,AM
¾è,AMBI
®Í,AMCW
©ô,AMG
Ýu,AMI
§ò,AMJ
©þ,AMK
ÅÎ,AMMP
±à,AMMR
±á,AMMV
ÌÊ,AMO
Îô,AMOB
¶q,AMWG
¬O,AMYO
ªù,AN
¶¡,ANA
±ß,ANAU
°Ã,ANAU
¶¢,ANB
îñ,ANBUK
¾\,ANCRU
¶~,AND
³¬,ANDH
Áò,ANDMQ
Áñ,ANDWF
Áï,ANEHR
»Ó,ANGG
Âó,ANGIT
»Õ,ANHER
è¦,ANIAV
Âõ,ANJBC
¶£,ANKI
ìI,ANKLU
»Ô,ANLMI
­¬,ANM
¶|,ANMG
¶},ANMT
ÀF,ANNHX
Áð,ANNOK
°{,ANO
»Ö,ANOI
´e,ANP
°Ý,ANR
¾[,ANRHR
ÄÄ,ANRRJ
Áó,ANRRR
»D,ANSJ
Âô,ANSQF
ÅP,ANSRJ
Âö,ANTUO
Ãö,ANVIT
¹h,ANWL
¶{,ANYK
îî,ANYTA
ñ¤,AODMQ
ÃD,AOMBC
°Í,AOP
±â,AOWY
©ö,APHH
©ø,APP
¬T,APVO
´¸,AQMB
·Ö,ARF
·Ó,ARF
·v,ARYE
¬L,ASHR
³Ì,ASJE
Â`,ASMG
¼Ê,ASTR
¼É,ATCE
Äf,ATGS
¾ç,ATMJ
¤Ú,AU
º[,AUAM
ÜS,AUNL
·²,AVNO
ÀÆ,AWLA
°Ò,AWLE
ÌÉ,AYK
´º,AYRF
´½,AYRF
¬R,AYT
·t,AYTA
¤ë,B
¸{,BAHM
¸z,BAMH
ªÎ,BAU
­ß,BAYC
ªB,BB
°©,BBB
¨ü,BBE
Àf,BBHER
ÄP,BBHF
ñ¹,BBHHJ
»ë,BBHNE
øÔ,BBJMC
¾u,BBJR
Å\,BBLWV
¯Û,BBMR
µÏ,BBNQ
·R,BBPE
Å¼,BBTMT
Åé,BBTWT
¶Ã,BBU
³V,BBUU
»ê,BBYHN
Åè,BBYKB
Ãã,BBYTJ
Àe,BBYVO
½ç,BCAPH
ÃØ,BCCWA
°],BCDH
Å«,BCGWC
³c,BCHE
¸ï,BCHER
¶S,BCHIO
½â,BCII
¸é,BCIJ
ÅB,BCIMS
¶M,BCIR
½ä,BCJKA
¶J,BCJMN
¸ì,BCKB
«h,BCLN
¨u,BCMJ
»¬,BCMMV
½á,BCMPM
Äº,BCNCR
Ä¢,BCOJU
±Ñ,BCOK
»­,BCOMF
¸},BCRL
²æ,BCRU
½ã,BCSMV
ÁÊ,BCTTB
ÁÈ,BCTXC
À¦,BCV
¶K,BCYR
½ß,BCYTR
ªö,BD
±m,BDHHH
¨y,BDI
½¥,BDOE
¨Å,BDU
ª¥,BF
½£,BFBG
¿¤,BFHVF
¯Ö,BFMU
Äa,BFP
­D,BFQ
¼ð,BFQE
ÄË,BFQF
ÁÃ,BFQR
³Ó,BFQS
¨{,BG
©P,BGR
¿±,BGTH
¸¢,BHAE
°[,BHDH
¯Þ,BHER
»ª,BHHAU
¸è,BHHER
µÊ,BHHJ
¯ß,BHHV
¸~,BHJG
¦Ù,BHN
¤¾,BHN
ªÑ,BHNE
°\,BHPI
¶I,BHSHR
¿ß,BHTW
ÅØ,BHUC
»K,BIBI
²ã,BIJB
µÆ,BIOI
¿°,BIPC
­L,BIR
ªÍ,BJB
²ä,BJBD
ßv,BJBJ
µÄ,BJCM
ªÏ,BJE
ÂÁ,BJMC
µÃ,BJNU
Ói,BJV
­x,BJWJ
µM,BKF
µË,BKLU
¯ã,BKMS
Âû,BKOG
¦Ø,BKS
µÌ,BLMY
Ð[,BLWL
¥B,BM
¨z,BM
­F,BMFM
¨x,BMJ
§U,BMKS
¨ã,BMMC
­à,BMMO
¦P,BMR
»J,BMRB
³b,BMSO
«a,BMUI
½¨,BMWF
¸y,BMWV
Áx,BNCR
§·,BND
¸x,BNKQ
¯Ü,BNMU
­Þ,BNUI
¸¡,BOAE
Áz,BOMA
²½,BOMMF
Áy,BOMO
¯×,BPA
­M,BPRU
¯Ý,BPUK
¥Î,BQ
¥Ï,BQU
óç,BRHAF
±n,BRHHH
ÀJ,BROG
íë,BRRD
ª§,BSD
ªA,BSLE
½¦,BSMH
µÈ,BSMV
¥Y,BSS
¥U,BT
¥×,BT
½¤,BTAK
µÉ,BTBC
Âa,BTBO
¿¯,BTGR
Å¦,BTIS
®Ó,BTK
§R,BTLN
©£,BTU
Áw,BTWV
¥Ø,BU
²´,BUAV
½P,BUBAC
Àþ,BUBBQ
¸B,BUBD
¸C,BUBSD
¨©,BUC
Ú»,BUCNH
¬ß,BUCSH
·ý,BUDOO
¿e,BUFBG
Ö©,BUFD
·ü,BUGCG
½O,BUGIT
Åc,BUHAF
âä,BUHDF
¸D,BUHHJ
ºÎ,BUHJM
¨£,BUHU
¸E,BUHXU
²¶,BUIHQ
¸@,BUJKA
·û,BUJLO
½M,BUJQR
ÁA,BUKCF
Ïà,BULBU
²·,BULMO
­è,BULN
Àý,BUMJK
¨n,BUMN
¿g,BUMWF
Â¤,BUNCR
ºÌ,BUNOK
Àü,BUNOT
Â£,BUOG
¸F,BUOG
Á@,BUOGF
Â¥,BUOMO
¬Ú,BUPU
·ú,BUQMB
¯v,BURVP
²µ,BUSMG
Æf,BUSYI
Ã©,BUTBO
¿f,BUTLB
ºË,BUTW
¹©,BUVML
µt,BUWD
Äï,BUYBP
½N,BUYFD
Àû,BUYTG
¯t,BUYVI
§´,BV
¾Á,BVG
Æx,BVHAF
®O,BVIK
Àµ,BVP
Ã¾,BVVV
¸£,BVVW
¯Ú,BWK
Àï,BWLI
¸|,BWP
¤¦,BY
»L,BYAV
Äg,BYBP
»H,BYBS
§Í,BYHHH
ªÕ,BYHS
µÅ,BYOK
Ár,BYTP
Ás,BYVG
íè,BYWM
ÂÀ,BYX
ª÷,C
¾Z,CAMJ
¿ü,CAPH
¿û,CAPP
Üj,CAU
»È,CAV
Áç,CBBR
îÔ,CBCN
»É,CBMR
¾S,CBMS
¿þ,CBSD
à»,CBU
¾X,CBUC
øÊ,CCC
¾O,CCNH
¹],CCR
¾U,CCRU
Üw,CCSH
Áå,CDWF
³¦,CEI
¾P,CFB
Âê,CFBC
Ãí,CFBG
ñf,CFBU
ÅL,CFBW
ôé,CFDQ
¶r,CFH
ÄÂ,CGGU
Å±,CGNI
¹`,CHA
ÀA,CHAB
¾W,CHEJ
»Ì,CHER
èp,CHGR
»Ñ,CHGU
¹g,CHHL
»Ë,CHJD
Áë,CHJE
Áé,CHJG
Áè,CHJM
«c,CHLN
¹{,CHMBC
³«,CHNI
Âë,CHRF
Æp,CHUC
Âì,CHUD
¤½,CI
èc,CIAV
¿ú,CII
îÏ,CIIL
¾Q,CIJB
¹Y,CIKK
ó`,CILB
¹|,CIMBC
Åß,CIPF
èi,CIPP
¯Î,CISM
ÅI,CITC
Áá,CITE
°w,CJ
Âí,CJBC
Âè,CJCR
ÅK,CJIG
ëã,CJKA
¾R,CJKS
¿õ,CJMO
à®,CJP
¹W,CJR
»Ï,CJV
¤÷,CK
ª¨,CKAU
ôï,CKCF
©ò,CKHML
Üg,CKI
°y,CKMGC
ÀB,CKMR
¯R,CKNIN
·Ý,CKSJL
¤X,CL
°x,CLN
¹\,CLW
Ãó,CLWV
ÄÃ,CLX
ä±,CMA
ÅJ,CMBW
à±,CMGI
°v,CMN
Âð,CMRB
¤¼,CMVS
Ãð,CMWF
¶t,CMYS
ä£,CNAU
¿ø,CNDT
¶s,CNG
ÔC,CNHS
óf,CNII
»Ê,CNIR
èo,CNKG
Áä,CNKQ
§Ì,CNLH
´Ü,CNO
¶u,COB
À@,COG
¹a,COII
¶x,COIN
Âò,COIR
Æ_,COMB
»Í,COMG
ä¦,COMR
¾V,COOG
¼¤,COP
¨¦,COR
¹c,CPH
³¨,CPI
¶v,CPIM
îÒ,CPPA
¶w,CPU
Áæ,CQHK
¿ö,CQMV
³§,CR
¾T,CRHR
§I,CRHU
±ý,CRNO
Áî,CRRS
«o,CRSL
Ãô,CSEG
¤À,CSH
³h,CSHC
©Á,CSHP
¬Ö,CSHT
§Ã,CSHU
Å²,CSIT
Æh,CSJJ
¿÷,CSJR
¹d,CSS
¿ù,CTA
Âï,CTCT
Áâ,CTGK
¹X,CTM
÷i,CTOE
Áã,CTW
ñZ,CUMT
Åà,CVID
Ãò,CVMI
¿ý,CVNE
ÀE,CVVW
¹f,CW
´¿,CWA
¾Y,CWG
ÀD,CWJR
¹[,CWL
Ær,CWLG
ÅN,CWLI
ÅM,CWLJ
îÖ,CWP
°z,CY
Âé,CYBS
Ãé,CYCB
Ãê,CYHM
Âñ,CYHR
Ãì,CYJJ
ÆD,CYPT
Âî,CYRB
Æ^,CYRV
Ãë,CYSK
ÄÁ,CYTG
¾N,CYTJ
Ãè,CYTU
¤ì,D
ªH,DA
·°,DAHU
·§,DAIU
¬d,DAM
·¨,DAMH
±ì,DAMJ
Ãq,DANR
Äæ,DANW
´Ò,DAPP
ºf,DASM
ªI,DAU
®Ú,DAV
´×,DBB
Äå,DBCV
´Æ,DBDB
´Ç,DBDB
¨ë,DBLN
®ä,DBMR
¬],DBT
¬Û,DBU
ªQ,DCI
±è,DCNH
ÌÞ,DCSH
ªL,DD
ÝÓ,DDAM
Æ{,DDBUH
´Ë,DDD
µI,DDF
§÷,DDH
±l,DDHH
±ë,DDHNI
§ø,DDI
¼Ô,DDK
Äs,DDKMR
Ãk,DDKQ
¸T,DDMMF
·¡,DDNYO
À·,DDP
°ý,DDV
´É,DDW
¼Ù,DEID
»á,DEMBC
ªN,DF
±é,DFB
ÀÉ,DFBW
Ù°,DFF
ªW,DFH
Áõ,DFLE
§ù,DG
®Û,DGG
®Ü,DGR
Âi,DGRG
¾ð,DGTI
¤~,DH
¬f,DHA
´Ö,DHAB
õÑ,DHCQ
ªO,DHE
¥Ö,DHE
®æ,DHER
Ï`,DHEY
§ü,DHHH
ºk,DHHI
¬h,DHHL
ºh,DHHW
ºi,DHI
®è,DHJD
¾ô,DHKB
ªR,DHML
·¬,DHNI
®ì,DHON
¬g,DHS
¾õ,DHUU
¤o,DI
±ô,DICE
Ão,DIGI
´Ì,DII
·},DIIL
±ñ,DIT
¥½,DJ
·£,DJBJ
´Ó,DJBM
º_,DJCR
º^,DJCS
ªK,DJE
§ú,DJK
´Ï,DJLV
Âb,DJMC
´Ä,DJMF
ÝÉ,DJMM
Âf,DJPN
¬\,DJR
´Ã,DJRR
ÑÛ,DJV
´È,DKMR
¾ã,DKMYM
§ô,DL
ªE,DLBU
´Ð,DLE
«f,DLLN
®ç,DLMO
¿à,DLSHC
¬c,DLW
¼Ó,DLWV
¥»,DM
®Ù,DMAM
ºb,DMBC
ôU,DMDM
·¥,DMEM
ªM,DMF
ªP,DMG
Ñè,DMIG
§ý,DMJ
¾ñ,DMJK
±ð,DMLK
Ù²,DMLM
±ï,DMMR
¬_,DMNR
¬`,DMOB
­³,DMRQ
ÌÖ,DMVH
Ìá,DMVM
¦´,DMVS
¼Ð,DMWF
¾ó,DNAO
ÕÁ,DNBG
åÚ,DNBJ
§õ,DND
¾ï,DNHB
±í,DNIB
±ò,DNKG
¾ò,DNLB
¾í,DNOT
Ãr,DNWA
ºe,DOBG
çì,DOBUC
´Õ,DOG
¾ö,DOGF
ºj,DOIR
ªT,DOK
ÀÌ,DOMA
®ê,DOMG
·®,DOMN
ÀË,DOMO
¨Ó,DOO
±ö,DOWY
ËD,DPD
ªJ,DPP
·¢,DPPA
¬e,DPR
·¤,DQHK
ÝÏ,DQKA
´Î,DQKQ
¼Î,DQKX
¶´,DQSHI
§ö,DR
¬b,DRSH
·ª,DRSJ
Âe,DSIT
·¦,DSJL
Âd,DSLC
®Ø,DSMG
®Ý,DSMM
¬^,DSNO
¼Ï,DSRR
§û,DSU
ÆV,DSWU
éÊ,DSYQ
¼Ò,DTAK
Âc,DTBO
¾ë,DTCO
¼Ë,DTGE
¬a,DTM
´Ñ,DTMC
¾î,DTMC
¾ì,DTMJ
Åv,DTRG
ºc,DTTB
¼Ñ,DTWA
¾ê,DTWI
¥¾,DU
·Q,DUP
²Ï,DUVIF
¾÷,DVII
ªF,DW
´Ê,DWD
¬Z,DWF
·«,DWLS
¦µ,DY
·©,DYBC
º],DYBS
®Õ,DYCK
´Ô,DYFE
¬W,DYG
ªC,DYHN
®Þ,DYIU
åÑ,DYJJ
¬U,DYLB
º`,DYRB
¼Ì,DYTJ
±ê,DYTJ
®Ö,DYVO
ÀÈ,DYWM
¤ô,E
Ìî,EA
ËS,EA
¨Q,EA
ø¯,EAFC
¯I,EAG
µD,EAHU
µ@,EAIU
ÍL,EAM
´ö,EAMH
ÚA,EAMO
¼î,EANA
¼í,EANG
Äi,EANW
²V,EAPP
´÷,EAPV
Âr,EATE
Àã,EAVF
º©,EAWE
Õó,EBAU
·Æ,EBBB
´õ,EBBR
²`,EBCD
Âq,EBCI
´ú,EBCN
²],EBHG
¨I,EBHU
·Ê,EBHX
´ý,EBJJ
ªq,EBM
µE,EBME
¬},EBMR
¯B,EBND
²b,EBSD
´ù,EBUH
·Ë,EBVK
²h,EC
®÷,ECNH
¯D,ECOR
ªu,ECR
¨W,ECSH
¨N,ED
´í,EDAM
´ð,EDBU
²S,EDCI
²O,EDD
¶î,EDG
ªi,EDHE
²X,EDHL
ªj,EDJ
¨M,EDK
ÒP,EDL
Ãu,EDLC
º¤,EDLO
Ùø,EDMQ
º£,EDOE
Ùç,EEE
®á,EEED
±C,EEV
®ø,EFB
²I,EFBR
²H,EFF
ò^,EFFF
ïï,EFFG
¨F,EFH
Ìñ,EFQ
¼å,EGGU
ªk,EGI
·Ç,EGJ
ÀÜ,EGNI
¼ê,EGTH
æ@,EGTI
Âp,EGWC
ªy,EHA
¿D,EHBK
Àú,EHBT
Âs,EHCN
æL,EHDB
¼ï,EHDW
¬¥,EHER
¿S,EHF
¯E,EHGR
¬~,EHGU
¬£,EHHV
·È,EHHW
ªx,EHIO
¬¡,EHJR
¨U,EHK
²K,EHKP
¨^,EHML
¦Æ,EHNI
ÃT,EHNWF
Õf,EHQ
´û,EHQJ
¿E,EHSK
²\,EHSK
º­,EHSU
·Í,EHUK
®P,EHV
¸Æ,EHYHV
¤e,EI
®ö,EIAV
·Á,EIBI
¯C,EICE
±ç,EID
¸d,EIFD
·À,EIHF
´î,EIHR
²L,EII
º¯,EIIH
®ú,EIJB
¬w,EILL
°D,EILMI
ªa,EINE
ªv,EIR
¾ü,EITC
´ç,EITE
âu,EIXP
¥Ä,EJ
¨K,EJB
·¿,EJBC
¼è,EJCB
·»,EJCR
´ñ,EJDS
Âm,EJHF
Ân,EJHW
¼é,EJJB
º¥,EJJL
Ãv,EJJM
ÒG,EJKI
ÀØ,EJMC
ºt,EJMC
²F,EJMF
´è,EJMM
Õà,EJMO
ÒF,EJMU
ªb,EJP
À×,EJPN
ªf,EJR
´ò,EJRB
¬¨,EKB
¼ã,EKCF
º¬,EKHR
¨O,EKI
²c,EKKB
²T,EKLU
¯H,EKOO
º¢,EKPB
¨R,EL
ªt,ELBK
¨H,ELBU
ªm,ELLN
¼ì,ELMC
¬z,ELQ
ªo,ELW
¬ª,ELWP
²W,ELXL
¦¿,EM
Åô,EMBB
Àá,EMBB
æX,EMBI
°s,EMCW
Ïs,EMCW
Ãw,EMDM
¨L,EMG
²P,EMGG
ÂE,EMHF
·½,EMHF
¦½,EMJ
Åx,EMMP
¦Ã,EMMS
¨J,EMMU
¥Å,EMN
¬{,EMNN
ªe,EMNR
²g,EMSO
¼ç,EMUA
·Ã,EMVG
®ù,EMVM
·Ì,EMWD
º},EMWF
´ó,EMWG
¼æ,EMWJ
µA,ENBK
´é,ENBS
¿F,ENCR
¬V,END
¨S,ENE
¨V,ENHE
¦Á,ENI
ªl,ENI
¯F,ENIB
¦Ä,ENJ
²C,ENKM
Äj,ENMB
·Ä,ENMM
¼â,ENOE
¼á,ENOT
Þ],ENQD
º¦,ENSV
²[,ENUE
º®,ENWF
µs,EOBT
²a,EOG
·É,EOIR
º°,EOLD
²_,EOMB
Ò\,EOMD
¨T,EOMN
´ü,EOMN
¬¢,EOMR
Þ^,EOND
Äk,EOOK
®ü,EOWY
¨G,EP
¬m,EPD
¦À,EPD
ªc,EPH
²^,EPOU
¨],EPP
ªw,EPRU
ËP,EPSH
ªn,EPT
¨P,EPU
¬¤,EPUK
¼ä,EQHF
®ý,EQHL
´ê,EQKK
²M,EQMB
º{,EQMC
¯J,ERAU
®þ,ERB
ªp,ERHU
éð,ERMR
¾þ,ERRD
ª{,ERVP
¿I,ERXU
²R,ESBN
¾ý,ESCE
´ë,ESD
ªh,ESHR
Àß,ESIM
ÀÝ,ESIT
º|,ESMB
®û,ESME
´ì,ESMG
Ïo,ESMG
ÀÞ,ESMG
¼ë,ESND
ªd,ESP
ºz,ETAK
ÀÛ,ETBO
¬x,ETC
æB,ETCL
·¸,ETCT
´ä,ETCU
ºy,ETGE
Ùí,ETGK
º¡,ETLB
º~,ETLO
Ãt,ETLX
²N,ETMC
æC,ETMC
´ï,ETMV
Åy,ETOG
¬v,ETQ
Äé,ETRG
·¾,ETTB
·¹,ETUB
´þ,ETVI
º¨,ETWA
¿C,ETWT
¿@,ETWV
¦Â,EU
îÜ,EUC
õÓ,EUJT
¯K,EUON
¦¼,EV
ÆW,EVFN
´ô,EWB
ªr,EWC
¯@,EWG
²U,EWJR
Ï§,EWK
¿B,EWLI
¿A,EWLJ
·Å,EWOT
º«,EYBK
ò],EYBP
·¼,EYBS
ºw,EYCB
ºu,EYCV
æT,EYDK
âr,EYDL
²Q,EYFE
ª`,EYG
Ãx,EYHC
¬y,EYIU
º§,EYJJ
¨Z,EYK
¯A,EYLH
Ïu,EYMP
²G,EYOK
Âo,EYPP
ªg,EYR
²E,EYRD
²D,EYRF
âq,EYRJ
Ãs,EYRN
ÀÚ,EYRO
´å,EYSD
ºx,EYSO
²J,EYSY
ª_,EYT
¼à,EYTG
ºs,EYTJ
ºv,EYUB
º±,EYWI
¿G,EYWM
ÀÙ,EYX
¨X,EYY
¤õ,F
·Õ,FAMH
²k,FAMJ
Äê,FANW
µO,FAPP
Ãz,FATE
·Ô,FAYT
¨v,FB
¿U,FBKF
«d,FBLN
·Ü,FBME
±Í,FBOK
´¯,FBOK
¬³,FBR
©|,FBR
½à,FBRBC
´Å,FBRD
°ó,FBRG
±`,FBRLB
¹Á,FBRPA
´x,FBRQ
·í,FBRW
ÄÒ,FBRWF
»n,FBRYV
¯á,FCB
¦Ì,FD
Â³,FDAMG
²Ê,FDBM
¯»,FDCSH
ùÛ,FDIG
ÁR,FDILE
¿},FDILR
ºê,FDJMF
½k,FDJRB
ÍP,FDK
Äz,FDMBB
æß,FDNHD
ºë,FDQMB
¿|,FDTGF
ÁV,FDTWA
·Ò,FDWF
Ä{,FDWJI
ÁT,FDWTC
ÁW,FDYHR
®Æ,FDYJ
ºé,FDYOJ
Öß,FDYR
²É,FDYT
ª¢,FF
ºa,FFBD
âl,FFBE
º·,FFBF
Åa,FFBHF
ºº,FFBHQ
³Ò,FFBKS
¿Ã,FFBLI
¼ü,FFBMG
êß,FFBOU
Àç,FFBRR
¿¢,FFBVF
¿M,FFDQ
Àè,FFE
êP,FFFD
ª£,FFH
¨_,FG
¿N,FGGU
¤Ö,FH
·×,FHAG
Àî,FHBK
¬Ù,FHBU
²l,FHEJ
¯O,FHER
Àì,FHGE
Ât,FHGF
¦H,FHKS
ÍQ,FHML
¬µ,FHS
Þk,FHSB
º´,FHSM
º¶,FHUP
ÖH,FIAV
º²,FJCR
¯N,FJKS
ÖJ,FJMU
¦y,FK
¿h,FKBU
¿R,FKCF
²m,FKKB
¹ô,FKLB
Ãþ,FKMBC
ÀÅ,FKMNP
¹û,FKN
Å¾,FKNWF
¹ú,FKT
Âu,FLMT
Òj,FMAM
·Ð,FMBC
¬±,FMOB
¥ú,FMU
ÖL,FMVM
·Ï,FMWG
·Ø,FNBK
µK,FNHX
Þm,FNKQ
ª¤,FNO
¿O,FNOT
³¶,FOG
Àí,FOMA
Òy,FOMG
¨`,FPI
¬¶,FPRU
ÍW,FPU
¥b,FQ
²²,FQBU
«q,FQHE
§P,FQLN
¾F,FQNL
®±,FQQ
¨é,FQSH
¨÷,FQSU
Àê,FRRD
¬·,FSHR
æf,FSMA
ïú,FSMG
¬²,FSS
ÖK,FSSR
¯M,FTC
·Ñ,FTMD
êM,FTMJ
¯L,FTQ
½÷,FUBJJ
Ä£,FUSMG
Ã{,FVID
Þs,FWB
Àë,FWLI
·Û,FWMV
ÚZ,FYAJ
¿L,FYDK
Àé,FYED
ª¡,FYHN
¿K,FYIA
ÍT,FYK
æk,FYNB
Äl,FYPT
Àæ,FYTO
µH,FYTR
¬¯,FYVI
¤g,G
©Z,GAM
³õ,GAMH
³ö,GAMO
¶ò,GASM
¥T,GB
³ú,GBBR
ÑM,GBDI
î},GBHNE
³ý,GBLM
¶ï,GBMO
³ü,GBMT
»®,GCGLC
°q,GCNL
³j,GCOK
Ê®,GCSH
¼W,GCWA
©Y,GDHE
½\,GDHNE
¦x,GDI
ÄÉ,GEHDA
¿k,GEMR
Áj,GEOJU
Án,GESJ
´Ú,GFNO
¦c,GG
«Ê,GGDI
³ó,GGGU
¨ö,GGY
°ñ,GHHJ
¶ô,GHI
«¯,GHMR
¶õ,GHRF
°ð,GHRJ
¥h,GI
¼ö,GIF
¹Ô,GIG
À°,GIHAB
«°,GIHS
®H,GIJB
§T,GIKS
¶Õ,GIKS
îh,GILMI
¶í,GILR
®J,GIOK
¼°,GIQ
°ì,GIRM
¶ñ,GJBC
°ô,GJKA
°õ,GJKNI
³ø,GJSLE
¼X,GJTC
ÂØ,GKBUC
¼õ,GKF
¹×,GKKK
Á±,GKLMI
ÔÃ,GKMR
«±,GKMS
÷´,GKNWF
ö},GKSQF
Ô´,GLE
¦`,GLLL
¨ª,GLNC
©[,GLWL
«®,GMAM
Åò,GMBB
Ãc,GMDM
©W,GMFJ
©V,GMNR
§£,GNHE
´ß,GNHNE
¹Ø,GNMI
§¢,GNO
»°,GOAMJ
»¯,GOFB
½ë,GOFBR
°ï,GOG
¶V,GOIV
Óã,GOMJ
³û,GONK
¶X,GOOHH
ÁÍ,GOPUU
°_,GORU
¶W,GOSHR
½ì,GOSJE
­v,GOVL
¶Þ,GOWR
­u,GOY
§Ó,GP
¦a,GPD
§¡,GPIM
¦N,GR
»O,GRBG
ø¦,GRGRR
ÑL,GRHG
°K,GRHV
¾e,GRMBC
³à,GRRV
¿Q,GRTF
¹Å,GRTR
³ß,GRTR
±Î,GSOK
¼U,GSYQ
´^,GTHHH
Åt,GTIOP
©¯,GTJ
¹ª,GTJE
³ô,GTMV
¶ð,GTOR
Â¼,GUSMM
Ëü,GVIS
®I,GWG
½æ,GWLC
¼[,GYDK
§|,GYHN
§{,GYHS
§},GYLM
¨«,GYO
¼V,GYPM
À¢,GYRO
Ä[,GYRV
©U,GYT
°ö,GYTR
¹Ò,GYTU
¾Â,GYWM
Ãa,GYWV
¦Ë,H
¥Õ,HA
¬u,HAE
æº,HAHAJ
¬Ô,HAHE
µq,HAHGR
¾z,HAHI
¸`,HAIL
µp,HAJMU
¯o,HAKJ
©­,HALB
ÖÔ,HAM
¬Ó,HAMG
Â²,HANA
ÃL,HAOAE
¨m,HAP
ªº,HAPI
¯¹,HAU
½J,HAUMT
²®,HAYCK
±ú,HAYD
³¾,HAYF
®q,HAYU
¸Í,HAYV
Ä±,HBBUU
Äð,HBFE
éP,HBG
¶ø,HBK
µ¬,HBKS
¨î,HBLN
Æ],HBMCH
µ©,HBMR
¾Ç,HBND
ÆM,HBNWF
¦V,HBR
ºå,HBSD
½¡,HBSMM
¦å,HBT
Æd,HBTMC
¦Û,HBU
¿y,HBUI
ºâ,HBUT
¦à,HBYI
¼B,HCLN
Á|,HCQ
ÅA,HCYMR
¥Ý,HD
­»,HDA
µz,HDAMJ
µ¦,HDB
ºÙ,HDBGB
¸Y,HDBGR
½_,HDBHX
¯²,HDBM
Ã­,HDBMP
½c,HDBU
µ|,HDCRU
Ïý,HDCSH
¯°,HDDJ
¬î,HDF
µy,HDFB
¬í,HDFH
¸W,HDGCE
¿p,HDHAH
ºØ,HDHJG
¯´,HDHQO
¨r,HDHU
¨p,HDI
ÚÖ,HDIAV
½],HDIUA
æÒ,HDJBC
ÁJ,HDJIP
½[,HDJMO
µ},HDKKB
ªÃ,HDL
¯±,HDLBK
Å£,HDLC
¨ï,HDLN
§Q,HDLN
­¼,HDLP
¹V,HDLW
²Â,HDM
¯¯,HDMFJ
©u,HDND
¨q,HDNHS
²¾,HDNIN
¶Á,HDOE
¸X,HDOG
¸Z,HDOIP
±x,HDP
¯µ,HDPH
¿n,HDQMC
©M,HDR
µ{,HDRHG
Ã¬,HDTOE
©e,HDV
µf,HDW
½^,HDWCE
¸\,HDWD
ÄÀ,HDWLJ
¬ì,HDYJ
Â©,HDYMH
½Z,HDYRB
¤Ï,HE
½L,HEBT
ºä,HEHA
Ã¯,HEII
½Y,HEMR
¹þ,HEP
¦U,HER
¥V,HEY
ÂH,HEYR
øu,HEYUB
ßK,HFB
¥G,HFD
Àk,HFJP
¾±,HFKS
à©,HFNL
·T,HFP
¤Ð,HG
µ¥,HGDI
âÀ,HGF
·´,HGHNE
¥ý,HGHU
¥á,HGI
°Ê,HGKS
ÅU,HGMBC
Äw,HGNI
¸a,HGPM
§i,HGR
¾a,HGRLY
½h,HHAG
­ë,HHAIL
¶T,HHBUC
®g,HHDI
½ö,HHFBR
¸ú,HHHND
¨õ,HHJ
¯º,HHK
¶·,HHMBC
°`,HHN
¾¤,HHOE
²Æ,HHQM
¿z,HHRB
½g,HHSB
¥f,HHSL
¹å,HHSLD
§Z,HHSLI
Âß,HHSRR
¯d,HHW
¿{,HHWP
°­,HI
¤\,HI
ïi,HIFB
ÃZ,HIHAF
½e,HIHR
ºà,HII
¾y,HIJD
¥F,HINO
²Ç,HIR
Ã®,HITC
»í,HIYJ
Å^,HIYUB
¤d,HJ
¬Þ,HJBU
¦¶,HJD
¬q,HJHNE
½d,HJJU
¨Ä,HJLP
¦Þ,HJR
ºÞ,HJRR
¿¬,HJSMM
««,HJTM
­«,HJWG
¤Ô,HK
»F,HKLQ
Ãg,HKP
©½,HKP
§],HKR
³ì,HKRBR
¬ê,HLBI
½è,HLBUC
¾°,HLLN
Â±,HLMC
ÂM,HLMJ
¿m,HLMMF
ªY,HLNO
¤ö,HLO
µ§,HLQ
²Ã,HLW
ÁM,HLWV
Â­,HLX
¬ò,HMD
¬ñ,HMJ
¤ç,HML
ªÇ,HMM
¿v,HMND
µ®,HMNJ
ªó,HMNL
¶l,HMNL
¦Z,HMR
Âk,HMSMB
µc,HMWKS
¥¸,HMY
¤L,HN
Áü,HNBMC
Ã²,HNCR
¦·,HND
±ù,HND
°Ä,HNHAG
ÓD,HNHE
¾h,HNHJR
­·,HNHLI
²p,HNHQ
¤Z,HNI
»ä,HNIR
ºá,HNKM
²Ä,HNLH
»ñ,HNMAF
¦g,HNMNI
·^,HNP
´w,HNQ
»s,HNYHV
¤K,HO
±o,HOAMI
ª¦,HOAU
«Ü,HOAV
Æ~,HOBC
»Î,HOCMN
©¼,HODHE
²Å,HODI
±t,HODOO
½Ã,HODQN
­l,HOEMN
«Ý,HOGDI
µó,HOGGN
®{,HOGYO
´a,HOHAG
½Ä,HOHGN
´`,HOHJU
§Ð,HOHNE
µ­,HOI
³N,HOICN
ÅÒ,HOIM
¼w,HOJWP
ÁQ,HOLD
ßN,HOLK
©»,HOLLN
±r,HOLMY
«ß,HOLQ
Úâ,HOMG
¦æ,HOMMN
Ã±,HOMO
µª,HOMR
¸Å,HOMRN
®|,HOMVM
©º,HOMYM
½j,HONK
¿Å,HONKN
´_,HOOAE
®},HOOMD
±s,HOOML
±q,HOOOO
¼£,HOP
«à,HOPA
©S,HOR
Áq,HOSJ
À²,HOUFK
Åð,HOUFK
¼x,HOUGK
·L,HOUUK
«á,HOVIE
«Þ,HOWR
¹ý,HOYBK
·K,HOYBS
©¹,HOYG
§Ï,HOYHS
×±,HOYIN
±p,HOYLO
©ü,HPA
µ«,HPA
¸_,HPDK
ÓC,HPHH
³Ñ,HPLN
¦L,HPSL
¤û,HQ
¬Ý,HQBU
Äy,HQDA
¨d,HQG
¯S,HQGDI
Ã},HQGWC
¬»,HQHPM
¬¹,HQHQM
§Ú,HQI
¬º,HQJR
¥Í,HQM
«ô,HQMQJ
Þz,HQNKQ
¥¢,HQO
ªª,HQOK
Ò¡,HQOMG
¦É,HQP
¨e,HQPD
ª«,HQPHH
ãT,HQSB
Äë,HQTGS
ºã,HQTM
¤ò,HQU
º¹,HQYRB
Ã[,HRHAF
»Q,HRHKP
ÀC,HRHPM
¯ç,HRHVP
ªú,HRJ
«Ó,HRLB
¨í,HRLN
®v,HRMLB
±Ò,HROK
²¢,HRTM
¯Q,HRYF
¥E,HS
¤á,HS
ªÓ,HSB
«ó,HSBT
©Ò,HSHML
®ï,HSHNE
©Ñ,HSIK
Äx,HSIT
æ×,HSKO
´v,HSLMY
µ¨,HSMG
¶±,HSOG
«ç,HSP
¿w,HSQF
±¯,HSRAU
®°,HSSMM
©Ð,HSYHS
¤É,HT
½b,HTBN
Ã°,HTCE
ºß,HTMC
Â®,HTMC
öG,HTTWI
ÃÙ,HUBUC
¯å,HUD
´à,HUFF
¯ä,HUIK
ÀZ,HUMBC
··,HUNKQ
¾Í,HUP
®§,HUP
»ó,HUWML
ÃQ,HVHI
°Â,HVHU
¨t,HVIF
¥Ê,HVIO
Ã^,HVLW
ñå,HVMR
½f,HVNO
¤ó,HVP
ºç,HWJR
§w,HWKK
ÆY,HWLG
ÁN,HWLI
¸f,HWMVS
¾I,HWNL
Â½,HWSMM
¦Ý,HX
¿³,HXBC
¨­,HXH
¨à,HXHU
ÁÖ,HXJC
­î,HXLE
ªØ,HXO
¹«,HXVYV
¸¤,HXWKS
»P,HXYC
ÆX,HYBG
Å¢,HYBP
²î,HYCR
ß¥,HYFB
²í,HYHA
¯ê,HYHE
ÁO,HYHJ
¯ë,HYHNE
¿´,HYHXE
²ë,HYJP
¸¥,HYNKG
¿µ,HYOIR
¿t,HYRB
Ä¥,HYSIT
ÁL,HYSK
²Á,HYT
­Q,HYU
¿u,HYWV
¯è,HYYHN
¯é,HYYHS
²ì,HYYVI
¤à,I
¨},IAV
´Z,IBCN
¯à,IBPP
ñK,ICNL
§É,ID
´[,IDBU
ÁS,IDFD
Å],IDHI
¿i,IDMR
¼¯,IDQ
»ò,IDVI
Îë,IEA
±Ï,IEOK
¸Ê,IEYHV
æÏ,IFASM
º×,IFBBR
¼t,IFBK
¯ª,IFBM
µø,IFBUU
ªÀ,IFG
Ã«,IFGNI
ÁH,IFGRR
ÅÂ,IFHAF
¬è,IFHML
¯®,IFHS
¬é,IFHVP
¯§,IFKR
¯«,IFLWL
ºÖ,IFMRW
ªÂ,IFNL
¼¡,IFP
¾Ì,IFP
Í¢,IFPD
¯¦,IFPH
¯¬,IFRHU
ÁI,IFRRJ
ÂÙ,IFRYO
¯¨,IFSMR
¸R,IFTMC
²»,IFTQ
Â§,IFTWT
¸S,IFVNE
ê®,IFWLM
ºÕ,IFYBC
¬ç,IFYLM
Å¡,IFYRV
Át,IGB
ÆN,IGHAF
À³,IGP
¼p,IGTI
¥³,IH
¦§,IHI
¦¦,IHM
«w,IHMR
«Â,IHMV
©³,IHPM
¦È,IHQ
¦¨,IHS
¤¹,IHU
±h,IHXO
±­,IHYMF
®Ô,IIB
·ø,IIBT
°Ñ,IIIH
´Y,IIIL
­¦,IINL
»G,IIOBO
¦¥,IJ
¨j,IJB
³Â,IJCC
¨D,IJE
¼q,IJJB
®w,IJWJ
¤ü,IK
öt,IKHNI
±g,IKLU
¬°,IKNF
¤×,IKU
±e,ILB
±d,ILE
¦{,ILIL
¦E,ILN
©°,ILO
½é,ILOC
­ð,ILR
­ä,IMBGR
Ðä,IMBSD
­á,IMDW
¦B,IME
­â,IMGCE
ËÎ,IMHGU
§M,IMIR
Ðâ,IMJLV
¨æ,IMMNN
¦¸,IMNO
­ã,IMOG
§N,IMOII
´b,IMP
¾®,IMPKO
¶¾,IMSQF
·H,IMUE
»þ,IMYWD
¥Ã,INE
§Ç,ININ
®x,INKG
¤§,INO
¼o,INOE
¸ê,IOBUC
Îº,IOD
©²,IODI
¨o,IOK
²¡,IOMVN
®y,IOOG
®¡,IOP
«º,IOV
¤|,IP
ºµ,IPF
ÂG,IPFD
Åï,IPFDQ
¹Ð,IPG
Åe,IPHHI
¦¡,IPM
¶L,IPMMC
§È,IPP
ºA,IPP
©´,IPRU
ÄQ,IPTMC
¥x,IR
©Î,IRM
Í×,IRNL
«å,IRP
·P,IRP
²±,ISBT
ÆU,ISGP
¹ù,ISMH
¼Å,ISOK
¥¯,IT
§Ù,IT
¼r,ITCL
«×,ITE
±f,ITF
®u,ITLB
¼s,ITMC
ÕI,ITSO
·G,ITXC
¼y,IXE
³À,IXP
Ãe,IYBP
¹ø,IYDL
Ãf,IYPT
©±,IYR
éo,IYWD
¤Q,J
µN,JAF
³£,JANL
®b,JAV
©y,JBM
¯u,JBMC
ª½,JBMM
¹î,JBOF
Ån,JBRRV
«n,JBTJ
¯Á,JBVIF
¥Þ,JC
ºÛ,JCBBR
ºÚ,JCEGG
Äu,JCGWC
ÅÑ,JCHDB
½a,JCHHN
¯¶,JCHS
Â¬,JCHSK
µ¡,JCHWK
Â«,JCHXV
¬ð,JCIK
¨s,JCKN
©©,JCLB
²À,JCLMO
ªÅ,JCM
ÄA,JCMBC
²¿,JCMIG
¬ï,JCMVH
ªÆ,JCN
ÁK,JCNLM
®e,JCOR
¿s,JCQOU
µ~,JCSKR
¸],JCSUU
¯·,JCVIS
¸^,JCWD
¥¼,JD
§º,JD
¦u,JDI
«k,JDKS
±Ð,JDOK
¤ä,JE
À»,JEQ
¯Í,JESMM
Ã´,JEVIF
®d,JFB
¼f,JHDW
«È,JHER
¦v,JHP
¨c,JHQ
¼g,JHXF
³Õ,JIBI
®â,JID
±M,JIDI
¸ü,JIJWJ
ºI,JIOG
´f,JIP
«v,JIR
À¹,JIWTC
µô,JIYHV
´Â,JJB
½þ,JJBTV
Áú,JJDMQ
½ù,JJEEE
Ãá,JJFDQ
ÁÕ,JJGRV
Ãâ,JJHKB
±Ù,JJHML
¶c,JJHQO
´u,JJI
»²,JJIJB
¸ý,JJIPM
Âà,JJJII
ÅF,JJJJJ
ÁÒ,JJJQR
­y,JJKN
¶b,JJLW
¸þ,JJMIG
°a,JJMJ
½ø,JJMLB
¶a,JJMNR
¿ç,JJMRW
³m,JJMSU
»´,JJMVM
»µ,JJNAU
³n,JJNO
ºm,JJOD
½ü,JJOMB
ày,JJOMG
·F,JJOMJ
¿é,JJOMN
°®,JJON
¿«,JJOSM
ºW,JJOYJ
¿è,JJRSJ
»³,JJSJU
ñG,JJSMH
ÁÓ,JJSTV
ôÝ,JJTAV
ªî,JJU
Âá,JJYBK
¸û,JJYCK
¤V,JK
ªÌ,JKA
¼d,JKCF
§»,JKI
±H,JKMR
Âç,JKMWG
§µ,JKND
¦Ñ,JKP
¨ó,JKSS
¦Ò,JKYS
¼È,JLA
¦O,JLK
¨Æ,JLLN
©d,JLV
©z,JLW
¤h,JM
«Å,JMAM
¹è,JMCH
¦t,JMD
»«,JMHC
«Ç,JMIG
Å÷,JMJMM
±G,JMLC
©v,JMMF
§¹,JMMU
´I,JMRW
®a,JMSO
Ä_,JMUC
±F,JMUE
©w,JMYO
¦r,JND
©{,JNIU
ÄÑ,JNMWL
ÄT,JNPFD
±J,JOMA
³Á,JONI
¥¦,JP
¯Ï,JPA
¹ç,JPBN
Ú¬,JPBQ
»e,JPHI
±K,JPHU
¾Ë,JQMP
®`,JQMR
¥j,JR
­J,JRB
ÁÅ,JRCOR
Àl,JRHAF
®c,JRHR
§J,JRHU
³Î,JRLN
©x,JRLR
ÃB,JRMBC
¬G,JROK
¶d,JRYTJ
«Æ,JSLL
¹é,JSMH
¥c,JT
¹æ,JTAK
¼e,JTBI
ÁÉ,JTCC
¹ë,JTCD
ÄÊ,JTCF
¶ë,JTCG
î¿,JTCO
ºS,JTCQ
ër,JTCV
´H,JTCY
¤C,JU
¹¸,JUJRU
«g,JULN
­æ,JULN
¦w,JV
®×,JVD
´K,JVMD
¹ì,JVME
¹í,JVMR
¨®,JWJ
¹ê,JWJC
´J,JWLB
¾È,JWLV
Ãd,JYBP
±I,JYFE
®_,JYTJ
¤j,K
¯n,KAM
ºÅ,KAMH
íw,KANB
¬Í,KAU
²ª,KAV
¦³,KB
¯j,KBM
­§,KBNL
ÕØ,KBNO
±þ,KCHNE
·I,KCIPM
«b,KCLN
¯h,KDHE
Äî,KDLC
¤Í,KE
Ú¯,KEFH
¦Ç,KF
²¯,KFBT
½C,KFCB
·ð,KFF
À÷,KFFS
²©,KGDI
«¶,KGG
µi,KGP
²s,KHAA
µV,KHAHM
¬½,KHAV
·â,KHBBB
ª®,KHBM
²u,KHBSD
¯V,KHBUC
Ã¡,KHDLC
µg,KHDN
·õ,KHDV
¨f,KHF
·á,KHGRV
·ô,KHHJ
·à,KHHRB
ª°,KHHVO
½F,KHHW
¯T,KHIAV
Âx,KHITC
¬¼,KHJDI
Àñ,KHJPN
Úp,KHJRB
æy,KHKCF
¯U,KHKOO
Ía,KHLLN
¨g,KHMG
¼û,KHMTO
²r,KHNDT
¬Ì,KHNE
ºÆ,KHNI
êa,KHOMA
µU,KHONK
ª¯,KHPR
²q,KHQMB
ÒÆ,KHS
¥Ç,KHSU
µS,KHTCW
Àò,KHTOE
Ã§,KHUB
Ây,KHVVV
¯W,KHWG
ª­,KHWL
¿W,KHWLI
µT,KHWMV
½G,KHXE
¬¾,KHYCK
Ö`,KHYOJ
º»,KHYRK
¤Ó,KI
¶¯,KIOG
Åö,KJCC
·ò,KJCC
°ø,KJKA
Þ¾,KJRR
©b,KJT
Àø,KKCF
²n,KKKK
§Æ,KKLB
²­,KKN
¿a,KKRB
¥¬,KLB
¦b,KLG
·ó,KLMY
¦s,KLND
©a,KLWU
¥ª,KM
µl,KMFR
©`,KMMF
¦j,KMMS
©_,KMNR
¯f,KMOB
µk,KMRT
µj,KMVM
¯g,KMYM
¤E,KN
¦i,KN
¦°,KNA
ºÈ,KNBK
Å~,KNFQ
¹§,KNHAF
¤Y,KNI
µh,KNIB
Å},KNLP
ª¹,KNO
ØP,KNTHU
¹Ü,KOGI
¾Ä,KOGW
¯l,KOHH
½H,KOIR
¯e,KOK
¬Î,KOLL
ÀU,KOMBC
²¬,KOMG
ºÇ,KOMN
Â¡,KOMP
ª¸,KON
§¨,KOO
±a,KPBLB
Ã¨,KPKO
¥k,KR
¶P,KRBUC
¬[,KRD
Àù,KRRU
¾r,KRSQF
³P,KRYHV
¤O,KS
ÐU,KSJ
¯Ù,KSKSB
®M,KSMI
¥[,KSR
Â},KSRJ
¼E,KSWP
Åõ,KTOG
½D,KTOR
Äo,KTOV
ª·,KU
ÄO,KUHAF
§¼,KUOLL
Àª,KUSIT
ÞÍ,KWML
½E,KWOT
²«,KYMP
·ñ,KYOJ
ºÄ,KYPM
·ï,KYSY
âÚ,KYTA
¿`,KYTJ
¤¤,L
³R,LAM
½Å,LAPV
¤y,LB
´U,LBABU
·E,LBAFU
¹÷,LBAWE
´W,LBDMQ
©¬,LBHA
¼n,LBHDW
¦|,LBHNI
¥¡,LBK
´T,LBMRW
±c,LBOG
Øò,LBSMG
±b,LBSMV
¬Ø,LBT
ìÜ,LBTBO
¹ö,LBWIM
´V,LBYBC
¼m,LBYIA
©«,LBYR
¼l,LBYTG
¸Î,LCOR
ÓØ,LCSH
ÃÌ,LDDF
³Q,LDHE
ÃË,LFBW
®Ñ,LGA
±Þ,LGAM
»o,LGGY
µe,LGWM
ÃÍ,LHBK
­m,LHHH
»t,LHHJ
¿É,LHYU
»i,LIAPH
ç²,LIAPV
ÃÈ,LIAVO
½½,LIBBR
³I,LIBM
¸Ã,LIBUU
°G,LICI
¸À,LICRU
»h,LIDHL
ßê,LIFB
Á®,LIFBG
ôÆ,LIFFD
ð»,LIFFS
»l,LIFQU
×¤,LIGB
µì,LIGG
ÂÌ,LIGGU
½À,LIHAG
½Á,LIHDJ
Áµ,LIHDP
ÂÏ,LIHDW
¸Á,LIHEJ
µï,LIHJD
µò,LIHJR
¸¿,LIHQI
ëk,LIHRB
³K,LIHS
½¿,LIHSB
ëg,LIHUP
½¸,LIIIL
¸É,LIJB
ç¼,LIJBJ
¿Ç,LIJJ
»d,LIJNU
³D,LIJP
³G,LIJR
½¹,LIJRB
ÂÎ,LILII
ÅÛ,LILIT
Á²,LILWV
­i,LIM
ë`,LIMHF
µí,LIMIG
½»,LIMRW
Ä÷,LIMTB
°H,LIMVH
ÃÊ,LINCR
»g,LINDT
¸º,LINIB
¸»,LINKG
°C,LINL
ÓÂ,LIOB
»j,LIOKR
ÓÈ,LIOLL
³L,LIOM
ßï,LIOMD
µð,LIOMR
½º,LIPTD
°F,LIQJ
»f,LIQMB
ÂÍ,LIRRJ
¸¼,LIRVK
ÃÇ,LIRXU
½¼,LIRYE
¿Â,LISQF
ãÜ,LITA
Á°,LITAK
ôÈ,LITBO
ÃÆ,LITGI
Á¯,LITIT
÷N,LITLX
³F,LITM
µñ,LITW
Äú,LIVVV
ç³,LIWB
Á´,LIWIM
µî,LIWR
Á³,LIWVF
¿À,LIYBS
µë,LIYCK
³E,LIYG
Á¬,LIYIJ
°B,LIYJ
°A,LIYK
Ä®,LIYRO
Á­,LIYTJ
­j,LIYV
»u,LJKA
¥v,LK
¯s,LKBT
Àm,LKHAF
¦ê,LL
ºZ,LLAMH
Ã|,LLGWC
ª©,LLHE
µP,LLHHJ
¤t,LLL
¶¶,LLLC
¤ù,LLML
¥±,LLN
Þy,LLOMN
±w,LLP
·Þ,LLPTD
³S,LLW
Á¹,LLWV
¶Q,LMBUC
ºÉ,LMFBT
¦ä,LMI
¹º,LMLN
­´,LMMM
¥_,LMP
¥ü,LMUO
¿È,LMVI
«D,LMYYY
°«,LN
¶O,LNBUC
îu,LNII
Ài,LNTC
¾x,LNYLB
½Æ,LOAE
ÓÔ,LOB
µö,LOIK
½È,LORD
©¾,LP
­I,LPB
³T,LPRU
¾¬,LPWTC
¦Ö,LQ
ã÷,LQMV
ªì,LSH
Ä°,LSIT
¸È,LSKR
Á·,LSMA
Äû,LTWI
­N,LVBU
¼Æ,LVOK
¥Ñ,LW
»r,LWD
¸Ì,LWG
¥Ó,LWL
°ú,LWLV
¦²,LWP
µÂ,LX
¿Æ,LYAV
Å¨,LYDU
½ú,LYJWJ
ãò,LYLMI
´d,LYP
»B,LYSMM
»p,LYYHV
´´,LYYK
¤@,M
¦Ê,MA
¹½,MABK
ºÑ,MAMR
«p,MAND
Åµ,MBBHG
Ü¨,MBCSH
Á÷,MBDBU
ÀM,MBDD
­@,MBDI
Ãù,MBEBG
è¯,MBED
è®,MBEJB
ÀL,MBEYR
¾],MBFB
Âü,MBHHW
ÀO,MBHXU
Ày,MBKS
¦Ó,MBLL
¿Ä,MBLMI
ÀP,MBLMY
¥å,MBM
»Ý,MBMBL
ÆE,MBMDM
Ã¢,MBMGI
¶³,MBMMI
¾_,MBMMV
Ãú,MBNHS
¾^,MBNKG
ÀN,MBOG
¹s,MBOII
¾`,MBOWY
¼~,MBPHE
¹r,MBPRU
ÅS,MBRMR
ÆF,MBRRM
Áø,MBRYE
³·,MBSM
ÅR,MBSRJ
ÅQ,MBTJB
°^,MBUC
­¶,MBUC
­A,MBV
¹p,MBW
¹q,MBWU
¶²,MBYK
ÆG,MBYRV
ÀK,MBYTV
Å´,MBYX
¦è,MCW
¨»,MCWM
¤_,MD
¾ä,MDA
ª»,MDBT
¤­,MDM
¾ú,MDYLM
¨E,ME
«E,MEM
¤£,MF
º¸,MFBK
¬Ç,MFBQ
¬×,MFBT
ÄÆ,MFHNI
¿],MFHVO
¥­,MFJ
Ê±,MFK
¶Ñ,MFLN
¥A,MFM
Ä@,MFMBC
¬n,MFMYM
äk,MFNL
º@,MFP
§_,MFR
¤ý,MG
·è,MGABU
Þ³,MGAHM
µb,MGAPP
µ],MGAU
¿[,MGAYF
¦A,MGB
ªµ,MGB
Àõ,MGBBE
µ`,MGBCD
·é,MGBJJ
º½,MGBOU
Ú¥,MGBSD
¬À,MGBT
²{,MGBUU
Íj,MGCSH
µY,MGDD
¬Á,MGDHE
Íi,MGDK
µW,MGEGI
º¾,MGFBC
íh,MGFBW
¿Z,MGFDQ
Ú|,MGFF
¯^,MGGG
¬Ä,MGHA
Öq,MGHDS
¯_,MGHER
ºÀ,MGHI
¯],MGHJD
¯\,MGHNB
Ò²,MGHON
¥É,MGI
²w,MGIAV
·ã,MGIIL
²y,MGIJE
¯Z,MGILG
ºÁ,MGILR
·ä,MGJRB
µa,MGKMR
ÏÉ,MGKSR
¨ì,MGLN
ª²,MGMG
²x,MGMHL
ª±,MGMMU
ÏÈ,MGMNR
µZ,MGMSO
Íg,MGMVH
ºÂ,MGMVN
Ã£,MGNBE
¨h,MGNO
¬Ã,MGOHH
¬Â,MGOII
µ^,MGOIN
¬Å,MGOIP
­P,MGOK
ª´,MGOK
·ì,MGOMN
Ò±,MGPA
·æ,MGPH
Íh,MGPP
µ\,MGPP
Þ±,MGPPA
¿²,MGQKD
íi,MGRMR
¾µ,MGRR
·å,MGRYE
º¿,MGSQF
§Ë,MGT
¿\,MGTCO
·ë,MGTLK
½@,MGTLM
µX,MGTMC
¿X,MGTMC
·ç,MGUMB
¿Y,MGVII
Þ¬,MGVNO
·ê,MGVVW
²z,MGWG
Àô,MGWLV
Än,MGYBP
¯[,MGYIU
ª³,MGYK
´³,MGYKG
µ[,MGYPU
¬¿,MGYR
æ¢,MGYSO
¼ý,MGYTJ
¼þ,MGYUB
­ì,MHAF
¾~,MHHAF
¨¸,MHNL
¶®,MHOG
¦Ü,MIG
»î,MIHI
®Ê,MIIA
¤z,MJ
¥Z,MJLN
´±,MJOK
¤Ñ,MK
À£,MKG
ÆL,MKHI
µd,MKHQM
Åâ,MKMWL
Åä,MKOIV
éw,MKP
¥\,MKS
ù},MKWGF
¨â,MLBO
«B,MLBY
¨È,MLLM
¤u,MLM
§ó,MLWK
¤G,MM
ÄR,MMBBP
¶µ,MMBC
¥Ü,MMF
ÄM,MMHAF
¤ª,MMI
«l,MMKS
¤T,MMM
ÀV,MMMBC
¨°,MMMV
¬F,MMOK
´c,MMP
§^,MMR
¤¸,MMU
¥©,MMVS
¤B,MN
¯P,MNF
«¬,MNG
®í,MNHJD
¤ï,MNI
´Ý,MNII
¬p,MNIR
´Þ,MNJBM
Âl,MNJMC
¬o,MNLBK
¦C,MNLN
³»,MNMBC
Ýû,MNMEM
íL,MNMWM
ª\,MNNE
¼Ü,MNOAH
Ïf,MNOHH
Äè,MNOIM
ÀÔ,MNOMO
®£,MNP
¦º,MNP
®î,MNPA
¥i,MNR
âf,MNRBC
¾d,MNTLJ
åò,MNTLM
µõ,MNYHV
¤·,MO
¤þ,MOB
½Þ,MOJKA
§ð,MOK
§Å,MOO
¶­,MOOG
ªZ,MPYLM
¥Û,MR
¸N,MRBB
¸M,MRBGR
µx,MRBUU
Ïï,MRCSH
Â¦,MRDDO
¯},MRDHE
ÒÜ,MRDM
¬¦,MRE
µv,MRFB
ÁC,MRFDQ
¬â,MRFH
Öº,MRGG
¯|,MRGI
¸O,MRHHJ
²¹,MRHJD
¯¡,MRHPM
¯¤,MRHS
Äq,MRITC
¿j,MRJII
¸J,MRJNU
ÚÆ,MRKOO
¯~,MRLWL
ºÓ,MRMBC
¯y,MRMFJ
µw,MRMLK
½U,MRMRR
¬ã,MRMT
Är,MRMTB
ðX,MRMWM
ÚÌ,MRNBG
ª¿,MRNI
ºq,MRNO
¬å,MRNO
­ô,MRNR
½T,MROBG
ÁG,MROGF
Ãª,MRPKO
Ïì,MRPP
¯¥,MRPRU
¬ä,MRPSH
ºÐ,MRPTD
¯{,MRSLB
½X,MRSQF
½V,MRSTV
¨§,MRT
¸K,MRTBC
ò¡,MRTII
ÁD,MRTMC
½R,MRTQM
¸I,MRTTC
ºÏ,MRTVI
ê©,MRTVS
ºÒ,MRUMF
Ät,MRVID
ÁF,MRVII
¸L,MRVNE
½S,MRYBS
²¸,MRYIU
¸H,MRYOJ
¯z,MRYR
¤Ì,MSU
§Î,MTHHH
³a,MTJE
½Ü,MTJNU
¦D,MTLN
ÀY,MTMBC
¨·,MTNL
³Ö,MTUO
¼F,MTWB
¤a,MU
Åú,MUALI
®L,MUHE
±®,MUI
¹x,MUMBC
¤ú,MVDH
°d,MVDI
¸Â,MVLMI
¥Ë,MVNI
¤¬,MVNM
®B,MVR
¿ô,MWAHM
µ÷,MWAJ
à¬,MWBMR
¸ë,MWBUC
ÀS,MWBUU
×ô,MWCSH
®ß,MWD
µ¯,MWFD
Íù,MWG
¶p,MWHD
¹T,MWHER
ÅH,MWHGF
»Å,MWHGR
Áà,MWHI
ÂÐ,MWHOE
Ü`,MWHS
»Ä,MWICE
¹S,MWILL
ÁÞ,MWILR
»Ã,MWJKD
Ü^,MWJR
¾M,MWKLU
°Æ,MWLN
²¼,MWMMF
­ª,MWMN
¹U,MWNIR
Ãç,MWOGF
°u,MWPI
°t,MWSU
¾L,MWTA
øI,MWTLF
¶o,MWTM
îÇ,MWTOG
Ä¿,MWTWT
³¤,MWUK
­n,MWV
Áß,MWWOT
­±,MWYL
¾K,MWYOJ
¾J,MWYRD
ÆC,MWYRV
¤U,MY
²j,MYLF
¥¿,MYLM
Ê×,MYP
¤¢,MYVS
¤},N
§K,NAHU
¶H,NAPO
¦â,NAU
¼Z,NBG
¨¤,NBG
øf,NBHAF
«·,NBK
­o,NBKS
«i,NBKS
±v,NBP
¸Ñ,NBSHQ
­t,NBUC
Ä²,NBWLI
±Ø,NBYJ
¤p,NC
¸â,NCYMR
¤l,ND
©s,NDBT
®],NDHVF
©t,NDHVO
À©,NDMBB
ÉÓ,NDND
§¶,NDOK
¤Õ,NDU
«Ä,NDYVO
¥à,NEM
ÃV,NFAIL
ÅÁ,NFAWE
èß,NFCSH
µ°,NFDN
Åì,NFFDQ
óÇ,NFGCE
ÂD,NFGG
¿q,NFHD
ÄÏ,NFHDF
ìz,NFHS
¾{,NFIKU
ñÃ,NFJMU
ìs,NFJP
Å_,NFJPA
÷«,NFMBM
Æs,NFMGR
ÅÀ,NFMWF
èÞ,NFOB
Àj,NFPRU
èá,NFPU
øX,NFSMI
Åë,NFTGR
ÂA,NFTQ
ÃU,NFWG
Å`,NFWLE
ÄÎ,NFWP
ÂB,NFYCK
Æt,NFYPT
ÄH,NFYRF
¤¡,NG
Ã¦,NGMWM
¬X,NHD
¤Î,NHE
ªë,NHLI
¬á,NHOIN
°È,NHOKS
¤D,NHS
©·,NHVO
¤i,NI
¥°,NI
¨i,NIBQ
±j,NILI
¥Ù,NINH
¦h,NINI
¤©,NINN
¶¸,NIOIV
¦W,NIR
¥~,NIY
½¾,NJLII
¤S,NK
·Ù,NKF
õ­,NKHAF
§Ê,NKHG
©µ,NKHYM
«Ø,NKLQ
ÄE,NKSQF
¤Ý,NL
¤Þ,NL
¶§,NLAMH
­­,NLAV
ªý,NLBM
Áô,NLBMP
»Ú,NLBOF
³¯,NLDW
»Ø,NLFHF
³®,NLGCE
³°,NLGCG
°~,NLGYO
¶ª,NLHAG
¨Á,NLHE
¶©,NLHEM
­°,NLHEQ
¶«,NLHJM
°¥,NLHTG
°|,NLJMU
ªû,NLJP
°},NLJWJ
¶¦,NLKMB
°¢,NLKOO
­¯,NLMA
­®,NLMBV
¨¿,NLMMU
ªü,NLMNR
¹j,NLMRB
³´,NLNHX
ªþ,NLODI
³±,NLOII
°£,NLOMD
ÀI,NLOMO
³³,NLPOU
¶¥,NLPPA
°¡,NLPPG
¹k,NLRBC
¹i,NLTCT
¶¤,NLTPO
¨À,NLTT
¶¨,NLWLB
Ã÷,NLYBP
¨¾,NLYHS
ÀH,NLYKB
ÍÙ,NLYR
»Ù,NLYTJ
ÀG,NLYTO
³­,NLYTR
´],NMAN
À±,NMFB
®z,NMNIM
¦M,NMSU
²¨,NMYIU
¤F,NN
¤m,NNM
¹w,NNMBC
¿Ý,NNNAO
¤n,NNO
°÷,NNPR
©Ó,NNQO
¤[,NO
¤í,NO
­E,NOB
¨b,NOF
¼Y,NOG
­¸,NOHTO
³J,NOLMI
¬Ñ,NOMK
¹¹,NOMRN
µn,NOMRT
µo,NONHE
¦¢,NPD
®å,NQD
ÃÉ,NQLMI
¼u,NRRJ
¬Õ,NSBT
ÉÔ,NSF
±i,NSMV
¥¥,NSND
«æ,NSP
¾H,NTNL
¤A,NU
¨ç,NUE
Àp,NUHAF
¨ß,NUI
«j,NUKS
«è,NUP
³½,NWF
¾|,NWFA
¿V,NXFF
Àt,NXU
¥Ô,NYO
©¶,NYVI
¤H,O
­Ò,OAA
¼D,OALN
¦ý,OAM
­Ì,OAN
¹·,OANB
ë×,OANL
ÔU,OAPV
¤º,OB
°¼,OBCN
Ð×,OBGR
­Ñ,OBMC
«R,OBND
¦×,OBO
¾Î,OBP
¦þ,OBQ
«U,OCOR
¥÷,OCSH
¹¬,OCWA
¥ð,OD
³ù,ODG
¥I,ODI
°¶,ODMQ
±Ô,ODOK
±×,ODYJ
¥ë,OF
«N,OFB
Àv,OFBC
Ål,OFBF
­Õ,OFBR
øk,OFHAF
±z,OFP
¦ñ,OFQ
­Â,OFQU
«A,OG
¥K,OG
¸î,OGBUC
¶°,OGD
¨Í,OGDI
°¦,OGE
Âù,OGE
µJ,OGF
¨Î,OGG
¹®,OGGU
Åb,OGHAF
ÔG,OGJ
¹m,OGLMS
¾©,OGNI
°â,OGR
¹¯,OGRR
¶Æ,OGSK
­Æ,OGTJ
øA,OGYRG
¤J,OH
§B,OHA
¶Ì,OHCE
Íï,OHDI
«W,OHDN
­Ø,OHDV
Êc,OHEY
¥ô,OHG
­Ú,OHHJ
³È,OHI
¥a,OHJ
¨Ü,OHJD
¹´,OHKB
¨Ø,OHNB
§C,OHPM
¥ó,OHQ
«X,OHQI
§H,OHQO
§@,OHS
°¾,OHSB
¹µ,OHSG
«Y,OHVF
¥õ,OHVL
­Ù,OHXU
¥ï,OI
­Ü,OIAR
­¹,OIAV
ÄC,OIAWE
³Å,OIBI
¾k,OIBV
«T,OICE
ÄÇ,OIGGU
»è,OIHBR
¶º,OIHE
¶¹,OIHG
ÃH,OIHHW
ÃJ,OIHI
Ü®,OIHK
°§,OIHN
¾j,OIHQI
ÃI,OIHXE
À^,OIII
ÍÞ,OIJE
ïM,OIJRB
À],OIJRR
¥ñ,OIK
°°,OIKF
Àa,OIKKB
¶Ä,OILB
õX,OILMC
»k,OILMI
»â,OIMBC
¤µ,OIN
³g,OINC
À`,OINHX
¥O,OINI
¶¼,OINO
©À,OINP
§t,OINR
Æa,OINRI
ÓÚ,OINV
­Á,OIOI
¶½,OIOKS
¹¢,OIOLB
¾l,OIOMD
¥N,OIP
¹¡,OIPRU
»ç,OISJ
²Þ,OISMM
¹},OISMR
ÄD,OITLM
ó¯,OITQG
»æ,OITT
ÄÈ,OIVII
Áý,OIWMV
»å,OIYCK
¤È,OJ
¤°,OJ
­È,OJBM
É«,OJE
¶Ç,OJII
¥M,OJK
¨Ð,OJKP
¨Ï,OJLK
ÐÌ,OJLO
¾ª,OJMC
¦î,OJMN
³Ã,OJMO
¦ï,OJP
¦ô,OJR
°µ,OJRK
­¾,OJRR
¥Ú,OK
¹±,OKCF
¸G,OKHDV
ÁB,OKHKB
§G,OKLB
­Í,OKLU
¦õ,OKM
­Ê,OKMR
µu,OKMRT
Ëº,OKMS
¤³,OKN
«L,OKOO
±y,OKP
ª¾,OKR
¦ö,OKR
¦÷,OKSR
¯x,OKSS
Ác,OKVIF
¥ò,OL
¤¶,OLL
¦ò,OLLN
¨Ù,OLMO
¾¨,OLMT
­Ô,OLNK
±ø,OLOD
­×,OLOH
°¿,OLOK
§ñ,OLOK
¦ù,OLWL
Éi,OM
¥C,OM
¨Õ,OMA
¾§,OMBB
Àu,OMBE
«\,OMBN
·U,OMBP
¨Ú,OMBT
§L,OMC
§E,OMD
¥î,OMDM
¥þ,OMG
­Ë,OMGN
¥â,OMH
¥ã,OMI
Ë»,OMIG
ªÙ,OMJR
­Ç,OMLB
«K,OMLK
¤¯,OMM
Êe,OMMF
Ä×,OMMP
¦ð,OMMV
¤±,OMN
ªô,OMNL
¨Ò,OMNN
¦ó,OMNR
¦X,OMR
©R,OMRL
®³,OMRQ
²°,OMRT
¨ø,OMSL
©¨,OMU
¹°,OMUA
·|,OMWA
»ù,OMWC
»ø,OMWM
¤^,ON
¹³,ONAO
¿Ì,ONBUU
äî,ONCR
ª^,ONCSH
¥J,OND
§A,ONF
®ð,ONFD
´á,ONFF
¤´,ONHS
«M,ONIB
¨×,ONIN
Õß,ONJRU
®ò,ONJV
°·,ONKQ
¬t,ONLLN
«J,ONMK
²B,ONMVM
¦»,ONNHS
³Ç,ONQD
Ùæ,ONQMB
®ñ,ONTQ
ËI,ONU
´â,ONVNE
®ô,ONWK
®ó,ONYVO
¶Ë,OOAH
«[,OOBM
§¤,OOG
§D,OOII
³É,OOIR
É²,OOLL
¼C,OOLN
»û,OOMA
­Û,OOMB
¨Þ,OOMG
°½,OOMN
»ü,OOMO
³Ê,OOOJ
ÀÄ,OOOK
«V,OOWY
¤Æ,OP
³f,OPBUC
¶U,OPBUC
¥L,OPD
¶É,OPMC
¥ö,OPP
°º,OPPA
©§,OPU
ÂL,OPWGF
³U,OPYHV
¦~,OQ
ØV,OQKE
­Ä,OQKQ
­Å,OQMB
¶Å,OQMC
¥í,OQO
´¼,ORA
«O,ORD
ÂF,ORHAF
«Q,ORHR
¨Ô,ORHU
çE,ORIJB
³Ð,ORLN
ÀX,ORMBC
µÎ,ORNIN
Åk,ORRK
°²,ORYE
«P,ORYO
°³,OSAV
¥Q,OSHI
­Ð,OSJR
¥ì,OSK
«I,OSME
ÔQ,OSMG
¦ø,OSMR
­Î,OSMV
à÷,OSND
»÷,OSRJ
Ê\,OSS
«],OSSR
­Ï,OSUU
­É,OTA
¨Ñ,OTC
¹²,OTCO
µL,OTF
»ö,OTGI
³Æ,OTHB
¶È,OTLM
»R,OTNIQ
¨Ë,OTQ
äê,OTRK
¨Ö,OTT
»ú,OTWV
¥P,OU
¯Ê,OUDK
²Ú,OUDM
¬û,OUM
¶Ê,OUOG
Åø,OUTRG
íá,OUYPD
¦ü,OVIO
¦ú,OW
«Z,OWG
­Ó,OWJR
°¸,OWLB
ÄØ,OWLG
°¹,OWMV
ÔT,OWP
Àw,OWWW
¨C,OWYI
¤²,OY
ÐÓ,OYAJ
°»,OYBC
³Ä,OYBS
Ë³,OYCK
ÐÔ,OYFE
¦í,OYG
¥ê,OYHN
¥é,OYHS
¨Ì,OYHV
³Ë,OYKK
¥ø,OYLM
«H,OYMR
±Ó,OYOK
¦û,OYR
Àx,OYRA
°±,OYRN
¦ì,OYT
¹­,OYTG
»õ,OYTP
­¿,OYTR
¸V,OYUB
¾«,OYX
·¶,OYYIU
¤ß,P
¦®,PA
¦¯,PA
´i,PAHM
´n,PAIU
®«,PAMJ
¼§,PANK
±§,PAPH
´t,PAPV
«ë,PAV
ºC,PAWE
¼©,PAYF
´l,PBCN
±¨,PBGR
±¦,PBTV
Äß,PBUG
®®,PCRU
¼¨,PCWA
¤],PD
¦¤,PDI
§Ö,PDK
®ª,PDL
Ãi,PDLC
¿o,PDMBC
©Ç,PEG
®¨,PFB
¼¦,PFDQ
íÔ,PFMBC
«é,PFMU
«î,PGDI
©Ä,PGI
¥²,PH
©È,PHA
´q,PHAG
¾Ò,PHBK
«ò,PHBT
±ª,PHDD
«ñ,PHER
ºE,PHGS
¤Å,PHH
·\,PHI
«ï,PHJR
¦F,PHLN
Êã,PHML
©¿,PHP
©Ê,PHQM
¤Ä,PI
ºG,PIIH
ºH,PILB
ºB,PILE
¤Ã,PIM
©É,PIR
¾Ñ,PIRP
±},PIYR
·V,PJBC
ºF,PJJL
±~,PJLV
±{,PJNU
¼«,PJTC
«ì,PKF
¥^,PKK
©Æ,PKLB
´k,PKMB
ºÃ,PKNIO
©Â,PLBK
§Õ,PLBU
Õ^,PLMY
ìæ,PMAK
ùÚ,PMAM
À¶,PMBB
³¼,PMBC
«í,PMBM
Ì{,PMFJ
®©,PMMR
°Ë,PMRW
·X,PMWD
©Ã,PMYM
ÉA,PN
¾Ó,PNBQ
§×,PNG
´p,POAE
±©,POG
¼¬,POGF
Äb,POIM
ÊÞ,POJ
ÎÑ,POMG
´r,POMN
«ê,POMR
·Z,POND
®¬,POWY
¤ñ,PP
¬Ò,PPHA
±«,PPHP
±¡,PQMB
Ýh,PQMF
¥y,PR
Ì¤,PRHU
¼ª,PRRJ
´j,PRRS
¥],PRU
áÇ,PSEG
¤Á,PSH
Äà,PSJJ
´g,PSKO
±£,PSMV
©Ë,PSP
¥@,PT
±¤,PTA
À´,PTHG
Ãj,PTWU
Ýg,PTXC
·W,PTYU
¤Ù,PU
½K,PUDHE
¦I,PUK
§S,PULN
¹y,PUMBC
·_,PUMT
¹Q,PUNL
Âú,PUOG
´o,PVVW
¨l,PW
ºD,PWJC
´h,PWLS
·Y,PWOT
±¥,PYAJ
±|,PYOJ
±¬,PYRD
¼¥,PYTG
¾Ð,PYTP
¦£,PYV
Ãh,PYWV
¤â,Q
´­,QAMH
®Â,QAMJ
´£,QAMO
±¿,QAN
ÀÁ,QANR
Äd,QANW
´¦,QAPV
¼¼,QASE
§â,QAU
±Â,QBBE
ÀR,QBBSD
è°,QBBUU
±´,QBCD
ôL,QBCV
±Ä,QBD
Ñ»,QBDI
´§,QBJJ
ÀQ,QBJMO
¼¿,QBKF
´©,QBME
·n,QBOU
±Ã,QBSD
ÅÌ,QBUE
¥¶,QC
ÙT,QCHQ
§ê,QCSH
¦Ô,QD
¯Ò,QDAU
©Ü,QDHE
¯Ó,QDHQU
©Ù,QDJ
§à,QDK
¯Ð,QDMMI
¯Ñ,QDTT
´z,QDWF
½¢,QDWLB
·k,QEII
ºJ,QFBK
¼µ,QFBQ
¾×,QFBW
¼´,QFFS
§Û,QFH
©Õ,QFQ
±²,QFQU
«ù,QGDI
¬E,QGG
¼¸,QGGU
±¾,QGGY
«ú,QGR
Â^,QGRC
©ç,QHA
·o,QHAU
ÅÍ,QHBU
´ª,QHDF
¼½,QHDW
§æ,QHE
Õy,QHHJ
´¨,QHJM
¬A,QHJR
´¡,QHJX
«´,QHK
±È,QHLO
§ì,QHLO
§é,QHML
©î,QHMY
§ë,QHNE
¦«,QHP
©è,QHPM
®²,QHQ
Õz,QHSB
±Ê,QHSK
Ýµ,QHSM
¼À,QHUU
§í,QHVL
·j,QHXE
®º,QHXM
·h,QHYE
§ä,QI
·i,QIBI
ºU,QIIH
®·,QIJB
©Þ,QIKK
·e,QILR
®Á,QIOK
«ø,QIPM
©ï,QIR
¾Ù,QIRP
©é,QIT
ÂX,QITC
Õi,QIYR
¤¥,QJ
À¿,QJBF
±±,QJCM
«õ,QJCN
·c,QJCS
§Þ,QJE
«þ,QJKS
±¶,QJLO
ìè,QJMC
¨¹,QJNL
À¾,QJPN
±k,QJSM
¼z,QJSMP
«ö,QJV
¬K,QKA
Äø,QKALI
¼º,QKCF
®õ,QKE
¯³,QKHD
«µ,QKHK
²ê,QKHX
±»,QKLU
±Ì,QKMF
®µ,QKOO
©^,QKQ
©ß,QKUS
Õ®,QLA
¸½,QLLMI
©Ø,QLLN
¬D,QLMO
±Æ,QLMY
­õ,QLR
ä`,QLRYO
Â],QLVK
©â,QLW
ºO,QLWV
»},QLYMR
¦ª,QM
«C,QMB
ÂZ,QMBE
³d,QMBUC
¾Ý,QMBW
©á,QMFJ
±º,QMGG
®¶,QMMV
¥´,QMN
©Ý,QMR
§ã,QMSU
ªí,QMV
¯À,QMVIF
¬r,QMWYI
®¾,QNAU
´«,QNBK
¾á,QNCR
¬@,QNEM
§á,QNG
´|,QNHD
¥µ,QNHS
Ñ¶,QNIB
§ç,QNIN
®¼,QNKG
¼·,QNOE
´},QNOK
Äe,QNRI
¤Ò,QO
´À,QOA
³W,QOBUU
±À,QOG
©ð,QOII
±É,QOIP
·m,QOIR
±Á,QOMB
¬C,QOMG
Ùg,QOMN
¾ß,QOMO
¬B,QOMR
±Ë,QOMR
®À,QOOG
©ì,QOPD
¼¾,QOTF
¾à,QOYB
«ü,QPA
±Å,QPFD
ÀÀ,QPKO
±Ç,QPOU
§å,QPP
´{,QPPA
©ë,QPR
©ê,QPRU
Ù[,QQHK
´~,QQKK
±·,QQKQ
§ß,QQO
Â[,QQOJ
¦©,QR
®½,QRB
·l,QRBC
¾Þ,QRRD
©ä,QRSH
´¥,QRSJ
®Ã,QRSN
¼¶,QRUC
©×,QRVP
®»,QRYO
©Û,QSHR
Äá,QSJJ
Ù^,QSJL
Õu,QSJR
ºP,QSMA
±½,QSMB
´¤,QSMG
ÀÂ,QSMG
®¿,QSQL
©Ú,QSS
´¬,QSTT
Ýª,QSTV
±¸,QSUU
Åó,QSWU
±¹,QTA
ºN,QTAK
¼»,QTBK
«ý,QTC
¼¹,QTCL
¼³,QTCO
ÂY,QTKL
Ìµ,QTM
·g,QTOD
Åu,QTOG
·f,QTOR
·b,QTQM
«÷,QTT
´y,QTW
¤ã,QU
´¢,QUMB
Äâ,QUOB
ºR,QUOG
©å,QUU
©í,QVIS
®¹,QWD
ºQ,QWIM
©ã,QWL
¾Ü,QWLJ
Â\,QWLP
Ý¯,QWOT
©æ,QWYI
¥·,QY
±¼,QYAJ
¾â,QYBB
ºM,QYBK
Ãl,QYBP
ºK,QYCB
¾Ø,QYGQ
§Ü,QYHN
Ý´,QYHR
ºL,QYIJ
§Ý,QYJ
§î,QYK
§è,QYLM
Õj,QYOJ
±³,QYOK
¾Ú,QYPO
¾Û,QYPS
©à,QYR
·d,QYRB
±°,QYRF
Äc,QYRV
©Ô,QYT
¼²,QYTG
±µ,QYTV
¾Ö,QYVG
Ýz,QYVW
¾Õ,QYWM
À½,QYX
¤f,R
°Û,RAA
®A,RAIL
³Ü,RAPV
§a,RAU
¨¶,RAU
¾¼,RBBE
Ø{,RBBR
Ôª,RBD
ÃY,RBHAF
©C,RBM
¶à,RBSMR
­û,RBUC
ÄZ,RBWI
¥z,RC
¥u,RC
¶ä,RCIM
ÜÝ,RCKN
³Ô,RCKS
à¨,RCNL
§h,RCSH
§b,RD
³å,RDAM
¾¶,RDDF
¦T,RDI
³â,RDLN
¹Â,RDLO
¶Ú,REED
°ã,REEE
¶Ù,REOY
­ï,RFB
À|,RFBA
ÜÔ,RFBC
¾´,RFBW
«},RFD
°Ü,RFF
¼G,RFFS
§n,RFH
¦R,RG
¼O,RGBT
À~,RGCC
«z,RGG
Íü,RGR
¼H,RGRR
»ï,RHAF
¶ç,RHAJ
¾¾,RHBK
«¥,RHBU
«£,RHER
©I,RHFD
§e,RHG
°à,RHHJ
³è,RHJM
¾½,RHMO
¦\,RHP
®@,RHQI
§f,RHR
¶ã,RHRF
©Q,RHS
°æ,RHSK
¥S,RHU
¶å,RHUK
©K,RHVO
­ö,RICE
³Û,RIHR
§m,RIHU
Øj,RIIL
­÷,RIJB
¹À,RIJC
§p,RIK
Áö,RIOG
­ü,RIOK
¹Ê,RJAL
ÜÒ,RJBC
ìÀ,RJBF
¶Û,RJBF
³ä,RJBJ
¨ý,RJD
§s,RJE
³Ø,RJHR
¾Ô,RJI
¼J,RJJB
­ý,RJKD
³Ù,RJMM
èX,RJNL
áM,RJON
¶Ý,RJPA
À{,RJPN
©B,RJR
¼Q,RJTC
¼I,RKCF
Êy,RKI
®D,RKKB
«x,RKN
¥{,RKS
¥t,RKS
©@,RKSR
¦Q,RLB
°Ø,RLMY
©D,RLWL
¹Æ,RLWV
¼S,RLX
½ð,RMAPH
ÁÏ,RMASM
¸ò,RMAV
À},RMBB
½ò,RMBD
ÁÐ,RMBHX
¶\,RMBT
ÁÑ,RMBVK
­w,RMC
¶_,RMDHE
ñò,RMDM
½ñ,RMEA
ñA,RMFBG
©A,RMFM
Ãß,RMGGU
ÅC,RMGNI
¸ô,RMHER
àn,RMHGU
óT,RMHKB
Å®,RMHLC
¸ö,RMHND
ÂÜ,RMHOO
¶^,RMHQO
÷],RMIGI
½î,RMII
¶[,RMIKK
¿â,RMITE
ðù,RMITF
ç÷,RMIYR
¶Y,RMJP
¸ó,RMKMS
®C,RMLK
°×,RMLM
¸õ,RMLMO
Ûô,RMMR
­ø,RMMR
ÃÝ,RMMTO
¥m,RMN
¿ã,RMNBS
¿ä,RMNHD
ä\,RMNIB
¸÷,RMNMU
«¨,RMNN
ÃÞ,RMNOT
¨þ,RMNR
½ó,RMOKR
¶],RMPRU
ÂÝ,RMQMC
Ä¼,RMRRD
Æ\,RMSJJ
½õ,RMSJR
ÅD,RMSMG
°Ö,RMSO
¶Z,RMSS
»±,RMSSR
î»,RMSTV
§c,RMSU
Æn,RMTAG
ÃÚ,RMTCO
ÃÜ,RMTJA
ÂÚ,RMTLB
ÁÎ,RMTQM
ðþ,RMTWA
ÃÛ,RMTWI
ÂÛ,RMUBB
§r,RMVH
÷a,RMVVV
³í,RMWG
Ä½,RMWLI
ÂÞ,RMWTJ
¿á,RMYBB
¸ø,RMYCK
Ãà,RMYFU
Ä¾,RMYGQ
¸ñ,RMYLC
³k,RMYLM
ÅE,RMYX
³ê,RNBK
§q,RNDU
§l,RNHE
°Ú,RNLR
§j,RNO
ÂP,RNWA
§o,ROB
«¦,ROD
©J,RODI
°ß,ROG
§u,ROIN
°á,ROIP
¶æ,ROIR
°å,ROML
³ë,ROMN
«¢,ROMR
Ô£,ROMR
¦Y,RON
³ï,RONK
¥w,RP
§k,RPHH
°Þ,RPOU
©H,RPRU
³ã,RPTD
¾·,RPUC
°Ô,RQHA
¹É,RQMC
°Õ,RQYT
ÆO,RRHAF
©G,RRHN
­ú,RRIK
Ã~,RRIK
¾¹,RRIKR
ÄÛ,RRMCR
ÄY,RRMMK
«~,RRR
¾¸,RRRD
³æ,RRWJ
¥o,RSH
ÄÙ,RSJJ
¥n,RSL
§O,RSLN
ÃE,RSMBC
³á,RSMG
¶k,RSNL
§`,RSO
©O,RSP
¶Ü,RSQF
­þ,RSQL
¹Ã,RSRR
Åñ,RSYI
¸¹,RSYPU
¾¿,RTAV
«¡,RTC
¼R,RTCL
¼P,RTCO
ÜÌ,RTCT
Åm,RTGI
«u,RTK
Ã`,RTLF
¹Ä,RTLO
ËÝ,RTM
¼M,RTMJ
«§,RTQ
¶Ø,RTQM
¹Ë,RTWA
¤x,RU
³Ý,RUMB
¶á,RUMI
´S,RUTC
©F,RUU
³é,RVFI
¼T,RVII
¥s,RVL
§d,RVNK
³ñ,RVNO
¥Á,RVP
³ç,RWB
­ù,RWG
¼K,RWGF
«|,RWK
©E,RWL
Øq,RWLB
Åo,RWLG
³Þ,RWMV
»À,RWNL
¹Í,RWTJ
àï,RXU
³Ú,RYBB
ÄV,RYBP
¹¿,RYCB
«r,RYCK
èý,RYGQ
§\,RYHN
­ò,RYIB
°Ù,RYMB
­ñ,RYMR
¨¬,RYO
Ôu,RYOJ
¼L,RYPB
¼N,RYPM
¾»,RYPO
°ä,RYPU
­ó,RYRN
Àz,RYRO
ÄW,RYRV
Øf,RYTA
«y,RYVO
¤r,S
¨ê,SBLN
¤Ç,SC
·µ,SCHNE
¼h,SCWA
§¿,SE
µÇ,SEB
Áv,SEB
½å,SEBUC
°í,SEG
Âå,SEMCW
½Ý,SEMRT
¶×,SEOG
»E,SEOOO
Ák,SESMM
°ù,SEV
ºò,SEVIF
®h,SFB
«Ë,SFD
±L,SFDI
¶¿,SFE
ÄÌ,SFEII
Å»,SFGGU
Àd,SFHER
õa,SFHHW
Åº,SFHKB
ÄF,SFHSB
Â@,SFICE
ïc,SFIOK
¾m,SFJP
»é,SFKK
ÃM,SFKMR
¾p,SFLK
¹¥,SFLLL
Æk,SFLPC
Áþ,SFLWS
Æz,SFMMP
ÅY,SFMWF
¾t,SFODI
ìh,SFOMG
Åç,SFOMO
¹£,SFPD
¾s,SFPR
ÆJ,SFSEO
ÅX,SFSRR
ñ¯,SFTMC
÷~,SFTMJ
Àc,SFTT
¾o,SFWC
ñ²,SFWD
Åæ,SFWLJ
Å[,SFWVF
÷£,SFYDK
¾n,SFYG
Æj,SFYPT
Àb,SFYVO
ÂW,SGI
Å¥,SGJWP
¤M,SH
ÃP,SHDCI
¾w,SHGB
Àg,SHGR
Å½,SHHHC
»ì,SHHQU
¼®,SHI
¤b,SHI
¾v,SHIKK
ÆK,SHJMC
ÃO,SHJMF
ÄG,SHJRB
¦K,SHML
ìp,SHOD
®j,SHOE
¼i,SHOE
±P,SHOT
§À,SHQU
¥l,SHR
°Ð,SHSB
øU,SHWLV
äÛ,SHYHS
ºÊ,SIBT
¼÷,SIF
¸v,SILQ
¼¢,SIP
§Ô,SIP
¦Õ,SJ
Áu,SJB
¨ú,SJE
¯Õ,SJF
¾À,SJG
²á,SJHHL
µÁ,SJHJR
Áo,SJHWP
±O,SJKA
¯Ô,SJLBU
¸u,SJLWS
Âz,SJMGI
×B,SJMYM
­C,SJNL
²â,SJOII
®¢,SJP
À¼,SJQ
©~,SJR
¼A,SJSH
Â¿,SJSJJ
éX,SJV
Áp,SJVIT
ÃÎ,SJYHV
Â¾,SJYIA
Ä´,SJYMR
¤¨,SK
§g,SKR
À[,SLMBC
­ê,SLMY
ª×,SLO
Á{,SLORR
¦Ú,SLSL
¹ð,SLWV
¤N,SM
©ª,SMBLB
Ód,SMCSH
¦J,SMG
²ß,SMHA
«Î,SMIG
Óe,SML
´M,SMMRI
«Í,SMNP
»C,SMOG
¥q,SMR
¦Ð,SMSIM
¬ý,SMT
ªø,SMV
Ál,SMWTC
»A,SMYOJ
²Ý,SMYT
´G,SNDD
Ôó,SNLR
¤Ø,SO
«¤,SORC
¥§,SP
§¾,SPP
¨º,SQNL
°¨,SQSF
¥r,SR
ÅÃ,SRHAF
¸t,SRHG
¼Þ,SRHNE
Êo,SRKS
¿^,SRMVN
°p,SRNL
ªò,SRNL
¼Ú,SRNO
¼|,SRP
°Ï,SRRR
¸s,SRTQ
¹@,SRYTJ
¥¨,SS
§½,SSR
¥W,SSU
°Î,STKR
«Ì,STT
®i,STV
¤v,SU
¤w,SU
º³,SUF
©¡,SUG
§ï,SUOK
§Ò,SUP
©},SUU
¶n,SVNL
ÆQ,SWBT
Äý,SWBUU
Å³,SWC
§X,SWL
ÄÝ,SYYI
µR,SYYQ
¤Ü,T
©õ,TA
µÞ,TAB
ÄN,TAHAF
¯ó,TAJ
²ö,TAK
¼Ç,TAKA
¹õ,TAKB
ÅZ,TAKF
¹Ó,TAKG
¼},TAKP
¼±,TAKQ
¶Ò,TAKS
Ä©,TANG
Äõ,TANW
¸¯,TAPV
¿¿,TASE
ªÝ,TAU
½¯,TAWE
¸±,TBBR
¨å,TBC
µæ,TBD
ÃÃ,TBFE
¶ì,TBG
ÂÆ,TBHU
¸§,TBJJ
Ãµ,TBLI
«e,TBLN
ó§,TBMBC
»X,TBMO
Ó¦,TBMR
·Î,TBNF
°Å,TBNH
æù,TBNM
½²,TBOF
´²,TBOK
­`,TBU
³A,TBUU
¦@,TC
´¶,TCA
´Á,TCB
¯q,TCBT
°ò,TCG
´µ,TCHML
ùÖ,TCMR
´Û,TCNO
ºp,TCNO
®¥,TCP
«Ñ,TCRU
ªâ,TCSH
·~,TCTD
ÂO,TCTE
­©,TCWM
Ûp,TDCI
­[,TDJ
­f,TDM
¸«,TDMQ
¿ó,TDNL
µÜ,TDOO
¿º,TEAH
Æw,TEC
µÔ,TEDE
²ï,TEFH
¸¨,TEHR
Ã¿,TEHW
»Z,TEIB
Á¡,TEII
ã¬,TEIV
µÓ,TEMJ
»Y,TEOT
Ä¦,TERD
­S,TESU
íô,TEWT
¯í,TEYV
½ª,TFBK
Æ[,TGBUU
µÙ,TGCE
¹ï,TGDI
¸r,TGENO
¯Ì,TGF
Ã¼,TGFTK
Æ|,TGHAF
¿ª,TGHDS
¸q,TGHQI
ÃÀ,TGII
»\,TGIT
¬ü,TGK
ÄU,TGKS
ù¯,TGMBC
Åw,TGNO
Á¥,TGOW
®~,TGP
µ½,TGTR
«¸,TGV
¸´,THAU
­º,THBU
²ú,THDN
²û,THDS
µä,THDV
¿»,THDW
ÂÈ,THGF
òÔ,THHE
Ë¡,THJ
¯ü,THJD
Ä^,THJD
¸³,THJG
ªà,THML
Á¨,THOK
ôÁ,THON
çv,THOO
Á§,THRJ
×[,TIAV
÷ó,TIDY
­Z,TIH
ß»,TIHV
³@,TIJB
²õ,TIKT
¯ý,TIMO
ÂÃ,TIMS
ªÛ,TINO
­a,TIR
»V,TITB
½©,TITF
ÂË,TIXF
¤Ê,TJ
»Þ,TJAM
ñ{,TJAPV
¹v,TJAU
»T,TJCR
äÀ,TJDJ
ÀT,TJFB
¾c,TJGG
Âþ,TJHDF
àÚ,TJHML
¿·,TJIP
¾b,TJJV
µÛ,TJKA
°Ç,TJKS
»ß,TJLBK
µÖ,TJLV
çM,TJME
¸©,TJMM
­R,TJMN
²ð,TJMU
Å·,TJMWM
½¶,TJOA
Ã@,TJOMK
¹u,TJOP
Áù,TJPFD
­W,TJR
¸¬,TJRB
µÕ,TJRR
êý,TJTC
Å¶,TJYGQ
ÆH,TJYMU
¦ã,TK
²ý,TKHF
¯ò,TKLD
µÚ,TKLU
¾G,TKNL
ã°,TKOK
²ó,TKOO
Àº,TKQ
­Y,TKR
·S,TKRP
Åå,TKSQF
­X,TKSR
¯ï,TKSS
Äµ,TKYMR
­^,TLBK
­²,TLJ
µá,TLMY
¿P,TLPF
¿½,TLX
¥Ì,TM
Á¢,TMBW
Ó},TMCW
¬Y,TMD
¨¡,TMD
»[,TMFF
ëV,TMHG
¶Ô,TMKS
¨ä,TMMC
ªå,TMMI
Í´,TMMU
¬Æ,TMMV
»Â,TMNL
­V,TMNR
¸®,TMPT
×^,TMRT
µØ,TMTJ
¯ð,TMTN
¿¹,TMTO
ªÞ,TMVH
²ô,TMVM
¶À,TMWC
Á¤,TMWM
»^,TNDF
µÝ,TNDO
»],TNEF
Ä¬,TNFD
Áª,TNFN
Äö,TNFQ
ÊN,TNHS
­T,TNIH
¯ú,TNIR
­b,TNIU
½®,TNLI
ÂÄ,TNLM
ãÀ,TNMM
½­,TNMU
¸ª,TNOK
µé,TNUI
Á},TOAV
Íº,TOB
¯ù,TOD
¿¼,TOGF
ÂÂ,TOGX
¯ö,TOHG
¾i,TOIAV
­d,TOII
Ó¬,TOIK
»a,TOIR
ªã,TOLL
îP,TOMA
²þ,TOMD
¯þ,TOMG
²ü,TOMR
¼Û,TONO
Ãø,TOOG
ªá,TOP
¸¶,TORD
¿¾,TOTF
²ù,TOWY
»_,TOYR
ªä,TP
¯û,TPA
µâ,TPFD
¨¢,TPI
¸²,TPIB
½³,TPMW
µå,TPOU
¿¶,TPPP
­e,TPR
­c,TPRU
¸­,TPTD
¦Ï,TQ
½~,TQAPV
Ób,TQCSH
ÂÇ,TQDA
ÃÂ,TQDB
®t,TQM
µ×,TQMB
²Û,TQNG
ªÜ,TQO
²Ü,TQOII
µ¾,TQSMM
Ã»,TQYWM
²÷,TRHR
·q,TROK
ßÂ,TRSJ
¸µ,TRYE
½«,TSFI
Ðq,TSHR
×e,TSIP
ÂÅ,TSIT
¯ñ,TSJ
ìß,TSP
Á£,TSRJ
¦},TT
¤«,TT
¨Ã,TTC
Ûm,TTMC
²~,TTMVN
ã¶,TTXC
®Ò,TUB
­_,TUU
ãË,TVFH
ßÒ,TVFM
Ä­,TVFT
·`,TVI
´F,TVID
ÃÄ,TVID
õ¬,TVIF
¯÷,TVII
·O,TVIP
Û£,TVJR
°É,TVKS
²ø,TVMG
½±,TVMI
¯ø,TVR
·r,TVYJ
¦±,TW
­],TW
±ä,TWA
Ä»,TWBO
´L,TWDI
µß,TWHD
·ß,TWIK
³þ,TWK
¯ô,TWK
Á¦,TWLA
¸U,TWLB
ÅÚ,TWLG
½°,TWLI
¹Ú,TWLN
¹A,TWMMV
¯õ,TWR
­Ý,TXC
¸¦,TYBB
Á~,TYDL
µà,TYFE
ð©,TYGV
Ä«,TYHC
½´,TYHJ
ªÚ,TYHS
½¬,TYJJ
ªé,TYLM
µÑ,TYOJ
Äª,TYPT
»U,TYRB
Ä§,TYRV
ß­,TYSD
µÒ,TYSY
²ñ,TYTJ
íõ,TYTP
ã¯,TYTR
µÐ,TYTR
¨~,TYV
îR,TYVG
¯î,TYVU
»W,TYVW
»b,TYWV
¤s,U
ØÝ,UAHU
±X,UAPP
±Y,UBB
«Ð,UBMR
±W,UBSD
±^,UBTU
®s,UBUU
®n,UCOR
±],UDCI
®k,UFB
åb,UFDQ
À¯,UFFD
«Ï,UGDI
åf,UGGU
¤P,UH
®p,UHEJ
´P,UHNI
®o,UHQI
ÄÞ,UHVI
À¬,UHXC
®m,UICE
Åq,UJCC
±S,UJCM
¹ñ,UJJL
±R,UJMF
Â×,UJMRT
¤¿,UK
À®,UKHK
¥û,UKHU
à|,UKJJ
±T,UKMR
®l,UKOO
¬´,UMF
±V,UMGG
©¤,UMMJ
©¥,UMR
°Z,UMRT
§Ä,UNHE
±Z,UOG
À­,UOIC
§Â,UOIN
±[,UOMB
Î¤,UOMR
¦z,UON
Î},UPA
ÅÉ,URRK
©¢,URVP
Ôù,USJR
±U,USUU
Á»,UTBUU
Æv,UTGIT
³Í,UTHN
âÊ,UTIK
´O,UTMO
ÆA,UTNAU
·D,UTQM
¥X,UU
¯©,UUMMF
«Õ,UVII
Øá,UWLB
ÕA,UYOJ
·C,UYRB
¤k,V
±@,VAA
´A,VAHU
ÌH,VAM
ùÜ,VANB
¼_,VAND
´E,VBBR
©j,VBM
´D,VBME
©k,VBT
®X,VCNH
Ê·,VCSH
¶Ó,VDKS
¹à,VDLK
¶Ï,VDLN
¥£,VE
§V,VEKS
©®,VELB
­é,VELN
©¸,VEN
«ã,VEP
¾q,VESQF
¹ß,VFBB
ÅÕ,VFBCV
ºù,VFBD
º÷,VFBGR
²Õ,VFBM
½w,VFBME
ºõ,VFBTU
ºô,VFBTV
½z,VFBUH
¸k,VFBV
Æq,VFC
¯É,VFCSH
÷á,VFD
¬ô,VFDI
½n,VFDMQ
½m,VFDWF
ºó,VFEEE
¯½,VFFH
²Ì,VFFQ
ãe,VFFQU
ºð,VFGCE
Â¶,VFGGU
µ²,VFGR
Äò,VFGWC
§®,VFH
ºø,VFHAB
½u,VFHAE
Æ},VFHAF
µ¸,VFHER
²×,VFHEY
½v,VFHJE
Áa,VFHOO
½s,VFHSB
Ãº,VFHSK
ù@,VFHUC
¯È,VFHVP
Á`,VFHWP
¿£,VFIBI
½p,VFIHR
µ³,VFIJ
Äñ,VFIWG
ºü,VFJKA
Ä},VFJMC
ºî,VFJMF
ºì,VFJMO
ÁY,VFJOA
Â·,VFKCF
ºö,VFKMR
ÆZ,VFLMI
ãn,VFLMY
²Ô,VFLWL
Á\,VFLWV
Â¸,VFLX
¬õ,VFM
¬ú,VFMD
½o,VFMGK
¯Æ,VFMMI
¸g,VFMVM
Áe,VFMWF
½q,VFMWL
Ås,VFN
Åp,VFND
¯Ã,VFNG
¯Å,VFNHE
ÓV,VFNIN
¯Ç,VFOB
ùC,VFOBO
ºû,VFOG
ÅÖ,VFOIM
ÅÜ,VFOK
Ã¸,VFOMA
ºú,VFOMB
Úú,VFOMG
µ¹,VFOMR
ÅÊ,VFP
µº,VFPA
¬ù,VFPI
¯Â,VFPU
ÅË,VFQ
¸j,VFQJL
ÁZ,VFQMC
¸h,VFRB
½r,VFRSJ
Ã·,VFRXU
¬÷,VFSHI
²Ð,VFSHR
µ´,VFSHU
Á[,VFSMH
¬ö,VFSU
Æl,VFSWU
¿~,VFTCT
Âµ,VFTGR
½y,VFTLJ
År,VFU
Á^,VFUBB
²Ò,VFUU
öÜ,VFV
µ·,VFVIF
ªÈ,VFVL
ºñ,VFVNE
½t,VFVNO
Ä~,VFVVI
²Ó,VFW
¸i,VFWD
Ã¶,VFWLJ
ºï,VFYAJ
½l,VFYBB
µ±,VFYCK
Á_,VFYHJ
¯¼,VFYHS
Â´,VFYIA
²Î,VFYIU
¯¾,VFYK
ô­,VFYLR
²Í,VFYVI
Ád,VFYVQ
«½,VGG
¼c,VGGU
éR,VGOW
¼^,VGRR
¸Ë,VGYHV
¾Å,VHAV
§³,VHG
±A,VHHJ
¶m,VHIIL
§¯,VHK
¼b,VHKB
±B,VHPA
®Z,VHQI
©m,VHQM
§ª,VHS
·@,VHUP
·B,VHWP
·A,VHXE
®Q,VIAV
¼Õ,VID
¼Ö,VID
¼ß,VIE
´X,VIHI
Â_,VIHML
¼ú,VIIK
¥®,VIKS
Âæ,VIMCW
¥H,VIO
©l,VIR
¤Û,VIS
½B,VIW
©f,VJD
§²,VJE
ÂT,VJHW
«¾,VJKP
ÔÐ,VJLO
À§,VJMC
¶ù,VJMO
°û,VJNU
©h,VJR
Îf,VKMS
«¼,VKN
¶ú,VKOK
ÂQ,VLHBR
«À,VLMO
ÅW,VLOIV
¦¬,VLOK
©o,VLW
®\,VLWS
©n,VLXH
ÅT,VLYTA
Îd,VMAM
±N,VMBDI
Ä\,VMBU
·J,VMBWD
ÂU,VMFFT
§§,VMG
Àð,VMGOW
«¿,VMIG
ª¬,VMIK
¦l,VMJ
ÔÕ,VMLM
®W,VMMV
§°,VMT
§©,VMV
¹â,VMWF
¹ä,VMYF
®Y,VNAU
¦n,VND
©p,VNF
§¬,VNG
¥¤,VNHS
°þ,VNLR
´B,VNOB
¼a,VOTF
¦o,VPD
¦q,VPI
§­,VPP
±D,VQMV
¦p,VR
®S,VRB
®¤,VRP
¼`,VRRJ
µ¶,VRVIF
®T,VRVK
®U,VSHU
®V,VSLL
°ü,VSMB
©g,VSP
¶ý,VSQF
®R,VSQL
¹á,VSRR
¦m,VSU
´C,VTMD
å_,VTMJ
«¹,VTT
¶ü,VTTB
¶û,VTXC
¨a,VVF
«Á,VVV
±_,VVWD
®[,VWG
«Ã,VWK
éS,VWLV
¹ã,VWVF
©i,VWYI
ÔØ,VYAJ
¹Þ,VYCB
«»,VYCK
§«,VYHS
´@,VYRN
Ä],VYRV
¥Ð,W
­G,WB
·M,WBP
¥|,WC
ªG,WD
§x,WD
Áû,WDMBC
³ò,WDMQ
¹Ù,WDNIN
Ã\,WFGR
Æu,WFGWC
Àq,WFIK
Àr,WFOIN
¯`,WFQ
°é,WFQU
ÂJ,WFUU
ÂK,WFVIS
ÂI,WFYR
Åf,WFYTA
¨½,WG
¶Â,WGF
¾¥,WGFG
²¥,WGG
Ã¥,WGNI
³¥,WGNIN
¶é,WGRV
²¤,WHER
®E,WIJB
°ê,WIRM
¤ð,WJ
³e,WJBUC
¹Î,WJII
Þ»,WJNU
©T,WJR
¦],WK
·î,WKMR
®¦,WKP
¨k,WKS
¥Ò,WL
¬ë,WLBI
¶R,WLBUC
¸A,WLGTJ
Àn,WLHAF
½},WLIBP
¸m,WLJBM
¸p,WLJKA
¯Ë,WLJR
¸o,WLLMY
Ó\,WLMYM
²³,WLOOO
¸¾,WLPLI
¿©,WLPOG
½|,WLSQF
Åù,WLTJF
Ã¹,WLVFG
¸n,WLYAJ
»@,WLYRN
Íq,WML
®F,WMMR
Ëm,WMN
¬È,WMV
¹Ö,WNG
¥},WO
Ëñ,WOII
¬Ë,WOK
¬É,WOLL
Ô¬,WOMB
«ä,WP
§z,WPHH
¬s,WPP
§y,WPU
¦^,WR
¶ê,WRBC
¹Ï,WRYW
ìÐ,WSVWS
²§,WTC
²¦,WTJ
ÉÆ,WV
²Ö,WVIF
éG,WWLV
õì,WWWF
ÂS,WWWG
Å|,WWWM
¥À,WYI
¤R,Y
®à,YAD
¨ô,YAJ
¾æ,YAOG
¹K,YAPV
Ãý,YARBC
»à,YASHR
»½,YASM
°h,YAV
¹L,YBBR
¶g,YBGR
±æ,YBHG
Âä,YBHU
Äm,YBIK
¹B,YBJJ
«Ò,YBLB
³×,YBLBR
ºÍ,YBMCU
Â÷,YBOG
¼Ä,YBOK
»»,YBOU
­~,YBR
­s,YBUC
ºV,YBYE
®Ç,YBYHS
Às,YBYSP
¤»,YC
°Ó,YCBR
ÆI,YCHHJ
¥æ,YCK
«³,YCK
ùº,YCP
«^,YCRHU
³O,YCRHV
«Ù,YCT
¿Ë,YDBUU
ÄL,YDHAF
·s,YDHML
±E,YDKNI
³t,YDL
¹H,YDMQ
³¢,YDNL
Âø,YDOG
´°,YDOK
·þ,YEBU
ßT,YEFD
À¤,YEG
À\,YEOIV
³p,YFB
°g,YFD
¿î,YFDQ
¨û,YFE
´N,YFIKU
¥D,YG
¶f,YGCG
Á¶,YGIV
Á«,YGMMS
»·,YGRV
¾C,YGSK
¹F,YGTQ
­¢,YHA
¹N,YHAG
³z,YHDS
ªð,YHE
³{,YHEJ
³y,YHGR
«Û,YHHHH
²£,YHHQM
»¿,YHHW
¹P,YHJU
ÃC,YHMBC
ÀW,YHMBC
ªñ,YHML
°m,YHMR
¤®,YHN
­¡,YHQO
°l,YHRR
¤è,YHS
¹M,YHSB
ÁÜ,YHSK
Ãä,YHUS
¦ç,YHV
ªï,YHVL
»¼,YHYU
¨|,YIB
¼ô,YIF
¹Ñ,YIG
¥R,YIHU
­z,YIJC
×ä,YIJE
²v,YIOJ
±ó,YITD
¾B,YITF
¤æ,YJ
»¶,YJDL
¹ü,YJHHH
Ã¤,YJHOJ
¿ë,YJILJ
¿ì,YJKSJ
Ä|,YJVFJ
³s,YJWJ
ÅG,YJYRJ
¤å,YK
¿ñ,YKCF
³|,YKHF
³},YKHG
Ùy,YKMPM
­¥,YKNL
®Ä,YKOK
§[,YKR
­{,YKSR
¯¿,YKVIF
¥«,YLB
¶e,YLE
°J,YLHV
¤î,YLM
¿ò,YLMC
¨B,YLMH
°k,YLMO
»º,YLMR
¥ç,YLNC
­},YLW
¤W,YM
ªÖ,YMB
òó,YMBUU
°i,YMCW
¨±,YMD
Ââ,YMFB
ÀÖ,YMHQU
·³,YMIHH
ª[,YMJE
¶Ð,YMLN
Å¸,YMMBC
¨¥,YMMR
éß,YMNO
¦¹,YMP
ÊØ,YMP
»Û,YMPOG
³r,YMRT
¹G,YMRW
³v,YMSO
¾¦,YMUOO
ÍÎ,YMVH
³w,YMVM
¾E,YMWU
¥d,YMY
ÁÛ,YNBQ
»¹,YNDF
³q,YNIB
¨³,YNJ
¶h,YNUI
½Ç,YODV
¶i,YOG
¼Ý,YOHNE
¨è,YOLN
¼@,YOLN
è¸,YOMBC
³~,YOMD
¹O,YOMN
¨´,YON
©],YONK
¨ò,YOOJ
Ö°,YPBU
®ã,YPD
Ãb,YPG
³B,YPHEN
ªê,YPHU
¨Ç,YPMM
Ö¹,YPMR
õâ,YPMR
¸·,YPRVK
Å¤,YPSJ
­h,YPSM
ÅÇ,YPTC
µê,YPTM
µµ,YPVIF
½§,YPWB
¿c,YPWBT
¸¸,YPWKS
¼{,YPWP
Å§,YPYHV
°@,YPYK
³u,YQHL
¥e,YR
ðã,YRAWE
»I,YRBB
Ä¹,YRBBN
½Õ,YRBGR
ë¡,YRBJJ
¶A,YRBM
«F,YRBN
»¨,YRBO
ÁÁ,YRBOU
°ª,YRBR
½Ø,YRBSD
²@,YRBU
«G,YRBU
¾Æ,YRBVN
³^,YRCI
»¡,YRCRU
¶G,YRDHE
°Q,YRDI
³Z,YRDK
¿Ð,YRDMQ
¿Ï,YRDWF
¨Ê,YRF
½Í,YRFF
¸Ö,YRGDI
»x,YRGP
¸×,YRGR
Åª,YRGWC
»¤,YRHDS
½Ó,YRHDV
³x,YRHG
ôÕ,YRHGE
»¢,YRHGR
ÁÂ,YRHHI
¸Ý,YRHJD
¸Ü,YRHJR
³`,YRHML
¸á,YRHMR
¶D,YRHMY
³],YRHNE
¿Ø,YRHNI
°U,YRHP
¶C,YRHPM
¶B,YRHS
Æg,YRHUC
«s,YRHV
½Û,YRHXO
¸Û,YRIHS
µú,YRINE
¿Ô,YRIOR
¸Õ,YRIPM
Ûß,YRIR
»|,YRIT
­p,YRJ
½Ë,YRJBM
¸Ò,YRJHP
½Ñ,YRJKA
¸Ù,YRKF
¸Ø,YRKMS
°V,YRLLL
½Ú,YRLMY
­å,YRLN
°R,YRM
µû,YRMFJ
°P,YRMJ
»y,YRMMR
­q,YRMN
¶F,YRMNR
»z,YRMOO
³Y,YRMVH
ÃÓ,YRMWJ
µý,YRMYM
¨É,YRND
²i,YRNF
½Ô,YRNHX
»w,YRNIB
°T,YRNJ
½Ï,YRNKM
³¡,YRNL
¸Þ,YRNMU
¦ë,YRNN
ÃÒ,YRNOT
Åþ,YRNRI
³[,YROB
½Ö,YROG
¶E,YROHH
çÜ,YROIP
³\,YROJ
½×,YROMB
¸à,YROMG
¿Ù,YROMN
°W,YRON
³_,YROP
»£,YROWY
¸Ú,YRPA
¸ß,YRPA
¿Ó,YRPPA
¿Ò,YRPTD
î¤,YRPUU
½Ð,YRQMB
Ä·,YRRRD
Á¸,YRRV
»~,YRRVK
¶@,YRSHR
»{,YRSIP
àF,YRSMG
ÂÕ,YRSMH
àH,YRSMM
µü,YRSMR
°O,YRSU
ÃÐ,YRTCA
Ä³,YRTGI
¿Õ,YRTKR
ø@,YRTLF
ÂÔ,YRTLM
¿Ñ,YRTMD
ÃÏ,YRTMJ
Å@,YRTOE
¸Ô,YRTQ
Á¿,YRTTB
Á¾,YRTXC
ÁÀ,YRTYU
¥ä,YRU
°S,YRU
¿ï,YRUC
ÃÕ,YRVII
¿×,YRWB
½Ò,YRWD
Ä¶,YRWLJ
­r,YRY
¿Í,YRYBB
Á½,YRYBS
ÂÖ,YRYCB
¹I,YRYE
Á¼,YRYFD
µù,YRYG
¿Î,YRYHH
³X,YRYHS
ÃÑ,YRYIA
Äþ,YRYLR
ë¦,YRYPM
½Î,YRYRD
½Ì,YRYRF
Åý,YRYRV
¿Ú,YRYTA
¸Ó,YRYVO
­|,YSHR
®È,YSOHV
©ñ,YSOK
±Û,YSONO
±Ú,YSOOK
¬I,YSOPD
±Ý,YSOSP
ºX,YSOTC
©ó,YSOY
Á×,YSRJ
¿ð,YSYQ
¥ß,YT
­µ,YTA
³º,YTAHU
³¹,YTAJ
·N,YTAP
ºÜ,YTAPV
»ã,YTHNI
¹D,YTHU
À¸,YTI
µ¤,YTICE
¨¯,YTJ
°e,YTK
Æ`,YTMBC
¹E,YTPO
¹t,YTQMB
Öö,YTSMM
°f,YTU
ºÝ,YTUMB
©c,YTV
¾D,YTWA
ÁÚ,YTWB
µ£,YTWG
¿í,YTWI
¯¸,YTYR
Åi,YUAV
ÄÔ,YUBM
¾É,YUDI
èû,YUE
³C,YUHHH
ÆT,YUHLB
ÅÅ,YUMMR
ÄÖ,YUOII
ÄÕ,YUPR
õ¾,YUPRU
ÅÆ,YURYO
ÆS,YUSMG
Äv,YUYTU
¤`,YV
»M,YVB
¸Ç,YVBCR
²o,YVBQ
ª¼,YVBU
¾Ã,YVGG
Â|,YVGN
¹l,YVHG
¥è,YVHO
¥È,YVI
¯b,YVIW
ñî,YVKS
§Ñ,YVP
ª],YVRVP
¦k,YVV
¨µ,YVVV
Ãå,YVVV
»q,YWDV
ùØ,YWGV
ÄÐ,YWIHR
³¿,YWII
¹J,YWLB
ÅÞ,YWLG
ÁÙ,YWLV
°I,YWMV
¯a,YWNO
ÆP,YWOMO
°j,YWR
¸[,YWRD
»ô,YX
ÂN,YXF
¾¯,YXLN
¤Ë,YY
¾A,YYCB
³o,YYMR
¹C,YYSD
